{
  "company_id": "lazarda_real_world_profile",
  "company_name": "lazarda",
  "features": {
    "architecture_vector_01": 0.6310010010010009,
    "architecture_vector_02": 0.7510410410410411,
    "architecture_vector_03": 0.48108108108108105,
    "architecture_vector_04": 0.6011211211211213,
    "architecture_vector_05": 0.7211611611611611,
    "architecture_vector_06": 0.45120120120120116,
    "architecture_vector_07": 0.5712412412412413,
    "architecture_vector_08": 0.6912812812812812,
    "architecture_vector_09": 0.42132132132132133,
    "architecture_vector_10": 0.541001001001001,
    "budget_flexibility": 0.7786286286286287,
    "bureaucracy_level": 0.575,
    "candidate_experience_quality": 0.7525,
    "compensation_efficiency": 0.74,
    "compliance_rigor": 0.7095795795795795,
    "compliance_vector_01": 0.5417517517517518,
    "compliance_vector_02": 0.6617917917917917,
    "compliance_vector_03": 0.7818318318318318,
    "compliance_vector_04": 0.5118718718718719,
    "compliance_vector_05": 0.631911911911912,
    "compliance_vector_06": 0.751951951951952,
    "compliance_vector_07": 0.48199199199199194,
    "compliance_vector_08": 0.6020320320320321,
    "compliance_vector_09": 0.722072072072072,
    "compliance_vector_10": 0.45175175175175175,
    "cross_team_alignment": 0.5469169169169169,
    "data_vector_01": 0.7860860860860861,
    "data_vector_02": 0.5161261261261262,
    "data_vector_03": 0.6361661661661661,
    "data_vector_04": 0.7562062062062063,
    "data_vector_05": 0.48624624624624624,
    "data_vector_06": 0.6062862862862864,
    "data_vector_07": 0.7263263263263263,
    "data_vector_08": 0.45636636636636635,
    "data_vector_09": 0.5764064064064065,
    "data_vector_10": 0.696086086086086,
    "decision_making_entropy": 0.5499299299299298,
    "delivery_reliability": 0.6075175175175176,
    "delivery_vector_01": 0.6844244244244244,
    "delivery_vector_02": 0.8044644644644645,
    "delivery_vector_03": 0.5345045045045045,
    "delivery_vector_04": 0.6545445445445445,
    "delivery_vector_05": 0.7745845845845846,
    "delivery_vector_06": 0.5046246246246247,
    "delivery_vector_07": 0.6246646646646647,
    "delivery_vector_08": 0.7447047047047047,
    "delivery_vector_09": 0.4747447447447447,
    "delivery_vector_10": 0.5944244244244246,
    "engineering_depth": 0.74,
    "execution_vector_01": 0.7489089089089089,
    "execution_vector_02": 0.4789489489489489,
    "execution_vector_03": 0.5989889889889891,
    "execution_vector_04": 0.719029029029029,
    "execution_vector_05": 0.44906906906906907,
    "execution_vector_06": 0.5691091091091092,
    "execution_vector_07": 0.689149149149149,
    "execution_vector_08": 0.8091891891891893,
    "execution_vector_09": 0.5392292292292292,
    "execution_vector_10": 0.6589089089089089,
    "finance_vector_01": 0.7386586586586587,
    "finance_vector_02": 0.4686986986986987,
    "finance_vector_03": 0.5887387387387388,
    "finance_vector_04": 0.7087787787787787,
    "finance_vector_05": 0.43881881881881885,
    "finance_vector_06": 0.5588588588588589,
    "finance_vector_07": 0.6788988988988989,
    "finance_vector_08": 0.798938938938939,
    "finance_vector_09": 0.528978978978979,
    "finance_vector_10": 0.6486586586586586,
    "governance_vector_01": 0.6322722722722723,
    "governance_vector_02": 0.7523123123123123,
    "governance_vector_03": 0.4823523523523523,
    "governance_vector_04": 0.6023923923923925,
    "governance_vector_05": 0.7224324324324324,
    "governance_vector_06": 0.45247247247247246,
    "governance_vector_07": 0.5725125125125126,
    "governance_vector_08": 0.6925525525525524,
    "governance_vector_09": 0.8125925925925926,
    "governance_vector_10": 0.5422722722722723,
    "growth_pressure": 0.867897897897898,
    "hiring_latency": 0.5725,
    "hiring_urgency": 0.7849999999999999,
    "infra_maturity": 0.46257257257257256,
    "innovation_index": 0.775,
    "innovation_vector_01": 0.4834334334334334,
    "innovation_vector_02": 0.6034734734734736,
    "innovation_vector_03": 0.7235135135135135,
    "innovation_vector_04": 0.45355355355355353,
    "innovation_vector_05": 0.5735935935935936,
    "innovation_vector_06": 0.6936336336336336,
    "innovation_vector_07": 0.8136736736736737,
    "innovation_vector_08": 0.5437137137137137,
    "innovation_vector_09": 0.6637537537537537,
    "innovation_vector_10": 0.7834334334334334,
    "internal_politics_factor": 0.4842942942942943,
    "interview_loop_length": 0.6323623623623623,
    "knowledge_sharing_index": 0.7892092092092092,
    "leadership_accountability": 0.8075,
    "leadership_vector_01": 0.6619919919919919,
    "leadership_vector_02": 0.7820320320320321,
    "leadership_vector_03": 0.5120720720720721,
    "leadership_vector_04": 0.6321121121121123,
    "leadership_vector_05": 0.7521521521521521,
    "leadership_vector_06": 0.48219219219219217,
    "leadership_vector_07": 0.6022322322322323,
    "leadership_vector_08": 0.7222722722722722,
    "leadership_vector_09": 0.45231231231231234,
    "leadership_vector_10": 0.571991991991992,
    "managerial_bandwidth": 0.6552752752752752,
    "market_vector_01": 0.6754554554554554,
    "market_vector_02": 0.7954954954954956,
    "market_vector_03": 0.5255355355355356,
    "market_vector_04": 0.6455755755755754,
    "market_vector_05": 0.7656156156156156,
    "market_vector_06": 0.49565565565565567,
    "market_vector_07": 0.6156956956956958,
    "market_vector_08": 0.7357357357357357,
    "market_vector_09": 0.4657757757757757,
    "market_vector_10": 0.5854554554554555,
    "offer_approval_delay": 0.6365165165165165,
    "onboarding_quality": 0.4491091091091091,
    "operations_vector_01": 0.5133933933933934,
    "operations_vector_02": 0.6334334334334335,
    "operations_vector_03": 0.7534734734734735,
    "operations_vector_04": 0.48351351351351346,
    "operations_vector_05": 0.6035535535535537,
    "operations_vector_06": 0.7235935935935935,
    "operations_vector_07": 0.4536336336336336,
    "operations_vector_08": 0.5736736736736737,
    "operations_vector_09": 0.6937137137137136,
    "operations_vector_10": 0.8133933933933934,
    "people_vector_01": 0.7054954954954955,
    "people_vector_02": 0.43553553553553553,
    "people_vector_03": 0.5555755755755756,
    "people_vector_04": 0.6756156156156156,
    "people_vector_05": 0.7956556556556557,
    "people_vector_06": 0.5256956956956957,
    "people_vector_07": 0.6457357357357356,
    "people_vector_08": 0.7657757757757758,
    "people_vector_09": 0.4958158158158158,
    "people_vector_10": 0.6154954954954956,
    "performance_management_quality": 0.6994794794794794,
    "planning_vector_01": 0.563903903903904,
    "planning_vector_02": 0.6839439439439439,
    "planning_vector_03": 0.8039839839839841,
    "planning_vector_04": 0.534024024024024,
    "planning_vector_05": 0.6540640640640639,
    "planning_vector_06": 0.7741041041041041,
    "planning_vector_07": 0.5041441441441441,
    "planning_vector_08": 0.6241841841841843,
    "planning_vector_09": 0.7442242242242242,
    "planning_vector_10": 0.47390390390390386,
    "process_vector_01": 0.5903803803803804,
    "process_vector_02": 0.7104204204204204,
    "process_vector_03": 0.44046046046046045,
    "process_vector_04": 0.5605005005005006,
    "process_vector_05": 0.6805405405405405,
    "process_vector_06": 0.8005805805805806,
    "process_vector_07": 0.5306206206206207,
    "process_vector_08": 0.6506606606606605,
    "process_vector_09": 0.7707007007007007,
    "process_vector_10": 0.5003803803803804,
    "product_vector_01": 0.7104604604604604,
    "product_vector_02": 0.4405005005005005,
    "product_vector_03": 0.5605405405405406,
    "product_vector_04": 0.6805805805805805,
    "product_vector_05": 0.8006206206206207,
    "product_vector_06": 0.5306606606606606,
    "product_vector_07": 0.6507007007007006,
    "product_vector_08": 0.7707407407407407,
    "product_vector_09": 0.5007807807807808,
    "product_vector_10": 0.6204604604604606,