{
  "company_id": "nexthink_real_world_profile",
  "company_name": "nexthink",
  "features": {
    "architecture_vector_01": 0.6365265265265264,
    "architecture_vector_02": 0.7565665665665666,
    "architecture_vector_03": 0.4866066066066066,
    "architecture_vector_04": 0.6066466466466468,
    "architecture_vector_05": 0.7266866866866867,
    "architecture_vector_06": 0.4567267267267267,
    "architecture_vector_07": 0.5767667667667669,
    "architecture_vector_08": 0.6968068068068067,
    "architecture_vector_09": 0.4268468468468469,
    "architecture_vector_10": 0.5465265265265266,
    "budget_flexibility": 0.7841541541541541,
    "bureaucracy_level": 0.46749999999999997,
    "candidate_experience_quality": 0.8,
    "compensation_efficiency": 0.7849999999999999,
    "compliance_rigor": 0.715105105105105,
    "compliance_vector_01": 0.5472772772772773,
    "compliance_vector_02": 0.6673173173173172,
    "compliance_vector_03": 0.7873573573573573,
    "compliance_vector_04": 0.5173973973973974,
    "compliance_vector_05": 0.6374374374374375,
    "compliance_vector_06": 0.7574774774774775,
    "compliance_vector_07": 0.4875175175175175,
    "compliance_vector_08": 0.6075575575575577,
    "compliance_vector_09": 0.7275975975975976,
    "compliance_vector_10": 0.4572772772772773,
    "cross_team_alignment": 0.5124024024024024,
    "data_vector_01": 0.7916116116116116,
    "data_vector_02": 0.5216516516516517,
    "data_vector_03": 0.6416916916916916,
    "data_vector_04": 0.7617317317317317,
    "data_vector_05": 0.4917717717717718,
    "data_vector_06": 0.6118118118118119,
    "data_vector_07": 0.7318518518518519,
    "data_vector_08": 0.4618918918918919,
    "data_vector_09": 0.581931931931932,
    "data_vector_10": 0.7016116116116116,
    "decision_making_entropy": 0.5554554554554554,
    "delivery_reliability": 0.5730030030030031,
    "delivery_vector_01": 0.6899499499499498,
    "delivery_vector_02": 0.8099899899899901,
    "delivery_vector_03": 0.54003003003003,
    "delivery_vector_04": 0.66007007007007,
    "delivery_vector_05": 0.7801101101101101,
    "delivery_vector_06": 0.5101501501501502,
    "delivery_vector_07": 0.6301901901901903,
    "delivery_vector_08": 0.7502302302302302,
    "delivery_vector_09": 0.48027027027027025,
    "delivery_vector_10": 0.59994994994995,
    "engineering_depth": 0.825,
    "execution_vector_01": 0.7544344344344345,
    "execution_vector_02": 0.48447447447447445,
    "execution_vector_03": 0.6045145145145145,
    "execution_vector_04": 0.7245545545545545,
    "execution_vector_05": 0.4545945945945946,
    "execution_vector_06": 0.5746346346346347,
    "execution_vector_07": 0.6946746746746746,
    "execution_vector_08": 0.8147147147147148,
    "execution_vector_09": 0.5447547547547548,
    "execution_vector_10": 0.6644344344344344,
    "finance_vector_01": 0.7441841841841842,
    "finance_vector_02": 0.4742242242242242,
    "finance_vector_03": 0.5942642642642644,
    "finance_vector_04": 0.7143043043043042,
    "finance_vector_05": 0.44434434434434433,
    "finance_vector_06": 0.5643843843843844,
    "finance_vector_07": 0.6844244244244244,
    "finance_vector_08": 0.8044644644644645,
    "finance_vector_09": 0.5345045045045045,
    "finance_vector_10": 0.6541841841841841,
    "governance_vector_01": 0.6377977977977979,
    "governance_vector_02": 0.7578378378378379,
    "governance_vector_03": 0.48787787787787784,
    "governance_vector_04": 0.607917917917918,
    "governance_vector_05": 0.7279579579579579,
    "governance_vector_06": 0.457997997997998,
    "governance_vector_07": 0.5780380380380381,
    "governance_vector_08": 0.698078078078078,
    "governance_vector_09": 0.8181181181181182,
    "governance_vector_10": 0.5477977977977978,
    "growth_pressure": 0.8734234234234235,
    "hiring_latency": 0.4975,
    "hiring_urgency": 0.75,
    "infra_maturity": 0.46809809809809805,
    "innovation_index": 0.8300000000000001,
    "innovation_vector_01": 0.4889589589589589,
    "innovation_vector_02": 0.6089989989989991,
    "innovation_vector_03": 0.729039039039039,
    "innovation_vector_04": 0.4590790790790791,
    "innovation_vector_05": 0.5791191191191192,
    "innovation_vector_06": 0.699159159159159,
    "innovation_vector_07": 0.8191991991991993,
    "innovation_vector_08": 0.5492392392392392,
    "innovation_vector_09": 0.6692792792792792,
    "innovation_vector_10": 0.788958958958959,
    "internal_politics_factor": 0.48981981981981987,
    "interview_loop_length": 0.6378878878878878,
    "knowledge_sharing_index": 0.7947347347347348,
    "leadership_accountability": 0.8075,
    "leadership_vector_01": 0.6675175175175174,
    "leadership_vector_02": 0.7875575575575576,
    "leadership_vector_03": 0.5175975975975976,
    "leadership_vector_04": 0.6376376376376377,
    "leadership_vector_05": 0.7576776776776777,
    "leadership_vector_06": 0.4877177177177177,
    "leadership_vector_07": 0.6077577577577579,
    "leadership_vector_08": 0.7277977977977977,
    "leadership_vector_09": 0.4578378378378378,
    "leadership_vector_10": 0.5775175175175176,
    "managerial_bandwidth": 0.6207607607607607,
    "market_vector_01": 0.6809809809809809,
    "market_vector_02": 0.801021021021021,
    "market_vector_03": 0.5310610610610611,
    "market_vector_04": 0.651101101101101,
    "market_vector_05": 0.7711411411411412,
    "market_vector_06": 0.5011811811811812,
    "market_vector_07": 0.6212212212212214,
    "market_vector_08": 0.7412612612612612,
    "market_vector_09": 0.47130130130130127,
    "market_vector_10": 0.5909809809809811,
    "offer_approval_delay": 0.602002002002002,
    "onboarding_quality": 0.45463463463463466,
    "operations_vector_01": 0.518918918918919,
    "operations_vector_02": 0.638958958958959,
    "operations_vector_03": 0.758998998998999,
    "operations_vector_04": 0.489039039039039,
    "operations_vector_05": 0.6090790790790792,
    "operations_vector_06": 0.7291191191191191,
    "operations_vector_07": 0.45915915915915917,
    "operations_vector_08": 0.5791991991991993,
    "operations_vector_09": 0.6992392392392391,
    "operations_vector_10": 0.818918918918919,
    "people_vector_01": 0.7110210210210209,
    "people_vector_02": 0.4410610610610611,
    "people_vector_03": 0.5611011011011011,
    "people_vector_04": 0.6811411411411411,
    "people_vector_05": 0.8011811811811812,
    "people_vector_06": 0.5312212212212213,
    "people_vector_07": 0.6512612612612612,
    "people_vector_08": 0.7713013013013014,
    "people_vector_09": 0.5013413413413413,
    "people_vector_10": 0.6210210210210211,
    "performance_management_quality": 0.6649649649649649,
    "planning_vector_01": 0.5694294294294295,
    "planning_vector_02": 0.6894694694694694,
    "planning_vector_03": 0.8095095095095095,
    "planning_vector_04": 0.5395495495495496,
    "planning_vector_05": 0.6595895895895895,
    "planning_vector_06": 0.7796296296296297,
    "planning_vector_07": 0.5096696696696696,
    "planning_vector_08": 0.6297097097097099,
    "planning_vector_09": 0.7497497497497497,
    "planning_vector_10": 0.4794294294294294,
    "process_vector_01": 0.595905905905906,
    "process_vector_02": 0.715945945945946,
    "process_vector_03": 0.445985985985986,
    "process_vector_04": 0.566026026026026,
    "process_vector_05": 0.686066066066066,
    "process_vector_06": 0.8061061061061061,
    "process_vector_07": 0.5361461461461462,
    "process_vector_08": 0.6561861861861861,
    "process_vector_09": 0.7762262262262263,
    "process_vector_10": 0.5059059059059059,
    "product_vector_01": 0.715985985985986,
    "product_vector_02": 0.44602602602602603,
    "product_vector_03": 0.5660660660660661,
    "product_vector_04": 0.686106106106106,
    "product_vector_05": 0.8061461461461462,
    "product_vector_06": 0.5361861861861862,
    "product_vector_07": 0.6562262262262262,
    "product_vector_08": 0.7762662662662663,
    "product_vector_09": 0.5063063063063064,