{
  "company_id": "meta_real_world_profile",
  "company_name": "meta",
  "features": {
    "architecture_vector_01": 0.6585485485485485,
    "architecture_vector_02": 0.7785885885885886,
    "architecture_vector_03": 0.5086286286286287,
    "architecture_vector_04": 0.6286686686686688,
    "architecture_vector_05": 0.7487087087087086,
    "architecture_vector_06": 0.47874874874874873,
    "architecture_vector_07": 0.5987887887887888,
    "architecture_vector_08": 0.7188288288288288,
    "architecture_vector_09": 0.4488688688688689,
    "architecture_vector_10": 0.5685485485485486,
    "budget_flexibility": 0.7661361361361362,
    "bureaucracy_level": 0.6124999999999999,
    "candidate_experience_quality": 0.7374999999999999,
    "compensation_efficiency": 0.86,
    "compliance_rigor": 0.697087087087087,
    "compliance_vector_01": 0.5292592592592593,
    "compliance_vector_02": 0.6492992992992992,
    "compliance_vector_03": 0.7693393393393394,
    "compliance_vector_04": 0.4993793793793794,
    "compliance_vector_05": 0.6194194194194196,
    "compliance_vector_06": 0.7394594594594595,
    "compliance_vector_07": 0.4694994994994995,
    "compliance_vector_08": 0.5895395395395396,
    "compliance_vector_09": 0.7095795795795795,
    "compliance_vector_10": 0.43925925925925924,
    "cross_team_alignment": 0.5344244244244245,
    "data_vector_01": 0.8136336336336337,
    "data_vector_02": 0.5436736736736737,
    "data_vector_03": 0.6637137137137136,
    "data_vector_04": 0.7837537537537538,
    "data_vector_05": 0.5137937937937938,
    "data_vector_06": 0.633833833833834,
    "data_vector_07": 0.7538738738738738,
    "data_vector_08": 0.48391391391391386,
    "data_vector_09": 0.603953953953954,
    "data_vector_10": 0.7236336336336336,
    "decision_making_entropy": 0.5774774774774775,
    "delivery_reliability": 0.5950250250250251,
    "delivery_vector_01": 0.6719319319319319,
    "delivery_vector_02": 0.791971971971972,
    "delivery_vector_03": 0.5220120120120121,
    "delivery_vector_04": 0.642052052052052,
    "delivery_vector_05": 0.7620920920920922,
    "delivery_vector_06": 0.49213213213213214,
    "delivery_vector_07": 0.6121721721721722,
    "delivery_vector_08": 0.7322122122122122,
    "delivery_vector_09": 0.46225225225225225,
    "delivery_vector_10": 0.581931931931932,
    "engineering_depth": 0.89,
    "execution_vector_01": 0.7364164164164164,
    "execution_vector_02": 0.46645645645645645,
    "execution_vector_03": 0.5864964964964966,
    "execution_vector_04": 0.7065365365365365,
    "execution_vector_05": 0.43657657657657656,
    "execution_vector_06": 0.5566166166166167,
    "execution_vector_07": 0.6766566566566566,
    "execution_vector_08": 0.7966966966966967,
    "execution_vector_09": 0.5267367367367367,
    "execution_vector_10": 0.6464164164164163,
    "finance_vector_01": 0.7261661661661661,
    "finance_vector_02": 0.45620620620620617,
    "finance_vector_03": 0.5762462462462463,
    "finance_vector_04": 0.6962862862862863,
    "finance_vector_05": 0.42632632632632633,
    "finance_vector_06": 0.5463663663663664,
    "finance_vector_07": 0.6664064064064064,
    "finance_vector_08": 0.7864464464464465,
    "finance_vector_09": 0.5164864864864865,
    "finance_vector_10": 0.6361661661661661,
    "governance_vector_01": 0.6197797797797799,
    "governance_vector_02": 0.7398198198198198,
    "governance_vector_03": 0.46985985985985984,
    "governance_vector_04": 0.5898998998999,
    "governance_vector_05": 0.7099399399399399,
    "governance_vector_06": 0.43997997997998,
    "governance_vector_07": 0.56002002002002,
    "governance_vector_08": 0.68006006006006,
    "governance_vector_09": 0.8001001001001001,
    "governance_vector_10": 0.5297797797797799,
    "growth_pressure": 0.8554054054054056,
    "hiring_latency": 0.5800000000000001,
    "hiring_urgency": 0.8049999999999999,
    "infra_maturity": 0.45008008008008005,
    "innovation_index": 0.8825,
    "innovation_vector_01": 0.4709409409409409,
    "innovation_vector_02": 0.5909809809809811,
    "innovation_vector_03": 0.7110210210210209,
    "innovation_vector_04": 0.4410610610610611,
    "innovation_vector_05": 0.5611011011011011,
    "innovation_vector_06": 0.6811411411411411,
    "innovation_vector_07": 0.8011811811811812,
    "innovation_vector_08": 0.5312212212212213,
    "innovation_vector_09": 0.6512612612612612,
    "innovation_vector_10": 0.770940940940941,
    "internal_politics_factor": 0.47180180180180187,
    "interview_loop_length": 0.6599099099099098,
    "knowledge_sharing_index": 0.8167567567567569,
    "leadership_accountability": 0.8075,
    "leadership_vector_01": 0.6494994994994994,
    "leadership_vector_02": 0.7695395395395396,
    "leadership_vector_03": 0.4995795795795796,
    "leadership_vector_04": 0.6196196196196198,
    "leadership_vector_05": 0.7396596596596596,
    "leadership_vector_06": 0.46969969969969966,
    "leadership_vector_07": 0.5897397397397398,
    "leadership_vector_08": 0.7097797797797798,
    "leadership_vector_09": 0.4398198198198198,
    "leadership_vector_10": 0.5594994994994995,
    "managerial_bandwidth": 0.6427827827827827,
    "market_vector_01": 0.6629629629629629,
    "market_vector_02": 0.7830030030030031,
    "market_vector_03": 0.513043043043043,
    "market_vector_04": 0.633083083083083,
    "market_vector_05": 0.7531231231231231,
    "market_vector_06": 0.48316316316316316,
    "market_vector_07": 0.6032032032032033,
    "market_vector_08": 0.7232432432432432,
    "market_vector_09": 0.45328328328328327,
    "market_vector_10": 0.572962962962963,
    "offer_approval_delay": 0.624024024024024,
    "onboarding_quality": 0.4366166166166166,
    "operations_vector_01": 0.5009009009009009,
    "operations_vector_02": 0.6209409409409411,
    "operations_vector_03": 0.740980980980981,
    "operations_vector_04": 0.471021021021021,
    "operations_vector_05": 0.5910610610610612,
    "operations_vector_06": 0.711101101101101,
    "operations_vector_07": 0.44114114114114117,
    "operations_vector_08": 0.5611811811811812,
    "operations_vector_09": 0.6812212212212212,
    "operations_vector_10": 0.8009009009009009,
    "people_vector_01": 0.693003003003003,
    "people_vector_02": 0.423043043043043,
    "people_vector_03": 0.5430830830830832,
    "people_vector_04": 0.663123123123123,
    "people_vector_05": 0.7831631631631633,
    "people_vector_06": 0.5132032032032032,
    "people_vector_07": 0.6332432432432431,
    "people_vector_08": 0.7532832832832833,
    "people_vector_09": 0.48332332332332334,
    "people_vector_10": 0.6030030030030031,
    "performance_management_quality": 0.6869869869869869,
    "planning_vector_01": 0.5514114114114115,
    "planning_vector_02": 0.6714514514514514,
    "planning_vector_03": 0.7914914914914916,
    "planning_vector_04": 0.5215315315315315,
    "planning_vector_05": 0.6415715715715715,
    "planning_vector_06": 0.7616116116116116,
    "planning_vector_07": 0.49165165165165164,
    "planning_vector_08": 0.6116916916916918,
    "planning_vector_09": 0.7317317317317317,
    "planning_vector_10": 0.4614114114114114,
    "process_vector_01": 0.5778878878878879,
    "process_vector_02": 0.6979279279279279,
    "process_vector_03": 0.427967967967968,
    "process_vector_04": 0.5480080080080081,
    "process_vector_05": 0.668048048048048,
    "process_vector_06": 0.7880880880880882,
    "process_vector_07": 0.5181281281281281,
    "process_vector_08": 0.6381681681681681,
    "process_vector_09": 0.7582082082082082,
    "process_vector_10": 0.4878878878878879,
    "product_vector_01": 0.6979679679679679,
    "product_vector_02": 0.42800800800800803,
    "product_vector_03": 0.5480480480480481,
    "product_vector_04": 0.6680880880880881,
    "product_vector_05": 0.7881281281281282,
    "product_vector_06": 0.5181681681681682,
    "product_vector_07": 0.6382082082082081,
    "product_vector_08": 0.7582482482482482,
    "product_vector_09": 0.4882882882882883,