{
  "company_id": "google_real_world_profile",
  "company_name": "google",
  "features": {
    "architecture_vector_01": 0.6671171171171171,
    "architecture_vector_02": 0.7871571571571572,
    "architecture_vector_03": 0.5171971971971971,
    "architecture_vector_04": 0.6372372372372374,
    "architecture_vector_05": 0.7572772772772772,
    "architecture_vector_06": 0.4873173173173173,
    "architecture_vector_07": 0.6073573573573574,
    "architecture_vector_08": 0.7273973973973974,
    "architecture_vector_09": 0.4574374374374374,
    "architecture_vector_10": 0.5771171171171172,
    "budget_flexibility": 0.7747047047047048,
    "bureaucracy_level": 0.675,
    "candidate_experience_quality": 0.7075,
    "compensation_efficiency": 0.86,
    "compliance_rigor": 0.7056556556556556,
    "compliance_vector_01": 0.5378278278278279,
    "compliance_vector_02": 0.6578678678678678,
    "compliance_vector_03": 0.777907907907908,
    "compliance_vector_04": 0.507947947947948,
    "compliance_vector_05": 0.627987987987988,
    "compliance_vector_06": 0.748028028028028,
    "compliance_vector_07": 0.47806806806806806,
    "compliance_vector_08": 0.5981081081081082,
    "compliance_vector_09": 0.7181481481481481,
    "compliance_vector_10": 0.4478278278278278,
    "cross_team_alignment": 0.542992992992993,
    "data_vector_01": 0.7821621621621622,
    "data_vector_02": 0.5122022022022023,
    "data_vector_03": 0.6322422422422421,
    "data_vector_04": 0.7522822822822823,
    "data_vector_05": 0.4823223223223223,
    "data_vector_06": 0.6023623623623625,
    "data_vector_07": 0.7224024024024024,
    "data_vector_08": 0.4524424424424424,
    "data_vector_09": 0.5724824824824826,
    "data_vector_10": 0.6921621621621621,
    "decision_making_entropy": 0.5460060060060059,
    "delivery_reliability": 0.6035935935935937,
    "delivery_vector_01": 0.6805005005005005,
    "delivery_vector_02": 0.8005405405405406,
    "delivery_vector_03": 0.5305805805805806,
    "delivery_vector_04": 0.6506206206206205,
    "delivery_vector_05": 0.7706606606606606,
    "delivery_vector_06": 0.5007007007007007,
    "delivery_vector_07": 0.6207407407407408,
    "delivery_vector_08": 0.7407807807807808,
    "delivery_vector_09": 0.4708208208208208,
    "delivery_vector_10": 0.5905005005005006,
    "engineering_depth": 0.89,
    "execution_vector_01": 0.744984984984985,
    "execution_vector_02": 0.47502502502502497,
    "execution_vector_03": 0.5950650650650652,
    "execution_vector_04": 0.715105105105105,
    "execution_vector_05": 0.44514514514514514,
    "execution_vector_06": 0.5651851851851852,
    "execution_vector_07": 0.6852252252252251,
    "execution_vector_08": 0.8052652652652653,
    "execution_vector_09": 0.5353053053053053,
    "execution_vector_10": 0.6549849849849849,
    "finance_vector_01": 0.7347347347347347,
    "finance_vector_02": 0.46477477477477475,
    "finance_vector_03": 0.5848148148148149,
    "finance_vector_04": 0.7048548548548548,
    "finance_vector_05": 0.4348948948948949,
    "finance_vector_06": 0.554934934934935,
    "finance_vector_07": 0.6749749749749749,
    "finance_vector_08": 0.795015015015015,
    "finance_vector_09": 0.5250550550550551,
    "finance_vector_10": 0.6447347347347346,
    "governance_vector_01": 0.6283483483483484,
    "governance_vector_02": 0.7483883883883884,
    "governance_vector_03": 0.4784284284284284,
    "governance_vector_04": 0.5984684684684686,
    "governance_vector_05": 0.7185085085085084,
    "governance_vector_06": 0.44854854854854853,
    "governance_vector_07": 0.5685885885885886,
    "governance_vector_08": 0.6886286286286286,
    "governance_vector_09": 0.8086686686686687,
    "governance_vector_10": 0.5383483483483483,
    "growth_pressure": 0.8639739739739741,
    "hiring_latency": 0.6475,
    "hiring_urgency": 0.7649999999999999,
    "infra_maturity": 0.4586486486486486,
    "innovation_index": 0.8899999999999999,
    "innovation_vector_01": 0.4795095095095095,
    "innovation_vector_02": 0.5995495495495496,
    "innovation_vector_03": 0.7195895895895895,
    "innovation_vector_04": 0.44962962962962966,
    "innovation_vector_05": 0.5696696696696697,
    "innovation_vector_06": 0.6897097097097097,
    "innovation_vector_07": 0.8097497497497498,
    "innovation_vector_08": 0.5397897897897899,
    "innovation_vector_09": 0.6598298298298297,
    "innovation_vector_10": 0.7795095095095095,
    "internal_politics_factor": 0.4803703703703704,
    "interview_loop_length": 0.6684784784784784,
    "knowledge_sharing_index": 0.7852852852852853,
    "leadership_accountability": 0.8075,
    "leadership_vector_01": 0.658068068068068,
    "leadership_vector_02": 0.7781081081081082,
    "leadership_vector_03": 0.5081481481481481,
    "leadership_vector_04": 0.6281881881881883,
    "leadership_vector_05": 0.7482282282282282,
    "leadership_vector_06": 0.47826826826826824,
    "leadership_vector_07": 0.5983083083083084,
    "leadership_vector_08": 0.7183483483483483,
    "leadership_vector_09": 0.4483883883883884,
    "leadership_vector_10": 0.5680680680680681,
    "managerial_bandwidth": 0.6513513513513512,
    "market_vector_01": 0.6715315315315314,
    "market_vector_02": 0.7915715715715717,
    "market_vector_03": 0.5216116116116116,
    "market_vector_04": 0.6416516516516516,
    "market_vector_05": 0.7616916916916917,
    "market_vector_06": 0.49173173173173174,
    "market_vector_07": 0.6117717717717719,
    "market_vector_08": 0.7318118118118118,
    "market_vector_09": 0.46185185185185185,
    "market_vector_10": 0.5815315315315316,
    "offer_approval_delay": 0.6325925925925926,
    "onboarding_quality": 0.4451851851851852,
    "operations_vector_01": 0.5094694694694695,
    "operations_vector_02": 0.6295095095095096,
    "operations_vector_03": 0.7495495495495496,
    "operations_vector_04": 0.4795895895895896,
    "operations_vector_05": 0.5996296296296297,
    "operations_vector_06": 0.7196696696696696,
    "operations_vector_07": 0.4497097097097097,
    "operations_vector_08": 0.5697497497497498,
    "operations_vector_09": 0.6897897897897898,
    "operations_vector_10": 0.8094694694694695,
    "people_vector_01": 0.7015715715715716,
    "people_vector_02": 0.4316116116116116,
    "people_vector_03": 0.5516516516516518,
    "people_vector_04": 0.6716916916916916,
    "people_vector_05": 0.7917317317317317,
    "people_vector_06": 0.5217717717717718,
    "people_vector_07": 0.6418118118118117,
    "people_vector_08": 0.7618518518518519,
    "people_vector_09": 0.4918918918918919,
    "people_vector_10": 0.6115715715715717,
    "performance_management_quality": 0.6955555555555555,
    "planning_vector_01": 0.5599799799799801,
    "planning_vector_02": 0.6800200200200199,
    "planning_vector_03": 0.8000600600600601,
    "planning_vector_04": 0.5301001001001001,
    "planning_vector_05": 0.6501401401401401,
    "planning_vector_06": 0.7701801801801802,
    "planning_vector_07": 0.5002202202202202,
    "planning_vector_08": 0.6202602602602604,
    "planning_vector_09": 0.7403003003003003,
    "planning_vector_10": 0.46997997997998,
    "process_vector_01": 0.5864564564564565,
    "process_vector_02": 0.7064964964964965,
    "process_vector_03": 0.4365365365365365,
    "process_vector_04": 0.5565765765765767,
    "process_vector_05": 0.6766166166166165,
    "process_vector_06": 0.7966566566566567,
    "process_vector_07": 0.5266966966966967,
    "process_vector_08": 0.6467367367367366,
    "process_vector_09": 0.7667767767767768,
    "process_vector_10": 0.4964564564564565,
    "product_vector_01": 0.7065365365365365,
    "product_vector_02": 0.43657657657657656,
    "product_vector_03": 0.5566166166166167,
    "product_vector_04": 0.6766566566566566,
    "product_vector_05": 0.7966966966966967,
    "product_vector_06": 0.5267367367367367,
    "product_vector_07": 0.6467767767767767,
    "product_vector_08": 0.7668168168168168,
    "product_vector_09": 0.4968568568568569,