{
  "country": "canada",
  "dynamic_signals": {
    "competition_density": 0.7198348348348348,
    "cost_of_delay": 0.8592342342342342,
    "demand_pressure": 0.7661111111111111,
    "economic_environment": 0.7224474474474474,
    "talent_scarcity": 0.7563513513513513,
    "time_to_hire_urgency": 0.842057057057057
  },
  "features": {
    "ai_adoption_velocity": 0.8920870870870871,
    "candidate_mobility": 0.6348798798798799,
    "competition_density": 0.7198348348348348,
    "cost_of_delay": 0.8592342342342342,
    "demand_pressure": 0.7661111111111111,
    "economic_environment": 0.7224474474474474,
    "geo_mobility_index": 0.6555105105105106,
    "labor_vector_01": 0.7724294294294295,
    "labor_vector_02": 0.7724534534534535,
    "layoff_pressure": 0.3668318318318318,
    "macro_vector_01": 0.5859204204204205,
    "macro_vector_02": 0.5859444444444445,
    "offer_decline_rate": 0.6542492492492493,
    "open_role_growth": 0.7898348348348349,
    "outsourcing_pressure": 0.5541591591591593,
    "passive_talent_activity": 0.7524474474474474,
    "regulation_vector_01": 0.5322492492492493,
    "regulation_vector_02": 0.5322732732732733,
    "regulatory_pressure": 0.5906756756756758,
    "remote_talent_access": 0.8215765765765766,
    "salary_inflation": 0.6594144144144144,
    "salary_vector_01": 0.6467837837837838,
    "salary_vector_02": 0.6468078078078079,
    "sector_volatility": 0.6037687687687687,
    "skill_obsolescence_speed": 0.844039039039039,
    "talent_scarcity": 0.7563513513513513,
    "technology_vector_01": 0.8772282282282282,
    "technology_vector_02": 0.8772522522522522,
    "time_to_hire_urgency": 0.842057057057057,
    "venture_funding_temperature": 0.6754504504504504
  },
  "market_id": "ai-current_canada",
  "profile_kind": "market_real_world_profile",
  "scenario": "ai-current",
  "schema_version": "1.0"
}