{
  "country": "canada",
  "dynamic_signals": {
    "competition_density": 0.23319819819819823,
    "cost_of_delay": 0.2925675675675676,
    "demand_pressure": 0.2994744744744745,
    "economic_environment": 0.6357807807807807,
    "talent_scarcity": 0.2997147147147147,
    "time_to_hire_urgency": 0.2953903903903904
  },
  "features": {
    "ai_adoption_velocity": 0.1954204204204204,
    "candidate_mobility": 0.3482432432432433,
    "competition_density": 0.23319819819819823,
    "cost_of_delay": 0.2925675675675676,
    "demand_pressure": 0.2994744744744745,
    "economic_environment": 0.6357807807807807,
    "geo_mobility_index": 0.41887387387387387,
    "labor_vector_01": 0.29645945945945945,
    "labor_vector_02": 0.29648348348348347,
    "layoff_pressure": 0.47019519519519515,
    "macro_vector_01": 0.5954069069069069,
    "macro_vector_02": 0.5954309309309309,
    "offer_decline_rate": 0.29761261261261257,
    "open_role_growth": 0.3631981981981982,
    "outsourcing_pressure": 0.5674924924924925,
    "passive_talent_activity": 0.3457807807807808,
    "regulation_vector_01": 0.4676246246246246,
    "regulation_vector_02": 0.46764864864864863,
    "regulatory_pressure": 0.474039039039039,
    "remote_talent_access": 0.40493993993993993,
    "salary_inflation": 0.2927777777777778,
    "salary_vector_01": 0.29433783783783785,
    "salary_vector_02": 0.29436186186186186,
    "sector_volatility": 0.44713213213213215,
    "skill_obsolescence_speed": 0.36737237237237236,
    "talent_scarcity": 0.2997147147147147,
    "technology_vector_01": 0.25725225225225223,
    "technology_vector_02": 0.25727627627627625,
    "time_to_hire_urgency": 0.2953903903903904,
    "venture_funding_temperature": 0.32881381381381375
  },
  "market_id": "ml-2016_canada",
  "profile_kind": "market_real_world_profile",
  "scenario": "ml-2016",
  "schema_version": "1.0"
}