{
  "country": "canada",
  "dynamic_signals": {
    "competition_density": 0.6204054054054053,
    "cost_of_delay": 0.8098048048048049,
    "demand_pressure": 0.7367117117117117,
    "economic_environment": 0.693018018018018,
    "talent_scarcity": 0.746951951951952,
    "time_to_hire_urgency": 0.7926276276276276
  },
  "features": {
    "ai_adoption_velocity": 0.6626576576576576,
    "candidate_mobility": 0.5554504504504504,
    "competition_density": 0.6204054054054053,
    "cost_of_delay": 0.8098048048048049,
    "demand_pressure": 0.7367117117117117,
    "economic_environment": 0.693018018018018,
    "geo_mobility_index": 0.6160810810810811,
    "labor_vector_01": 0.7434864864864864,
    "labor_vector_02": 0.7435105105105104,
    "layoff_pressure": 0.3374324324324324,
    "macro_vector_01": 0.5754204204204204,
    "macro_vector_02": 0.5754444444444444,
    "offer_decline_rate": 0.5948498498498498,
    "open_role_growth": 0.7504354354354354,
    "outsourcing_pressure": 0.4847297297297297,
    "passive_talent_activity": 0.6630180180180181,
    "regulation_vector_01": 0.6068198198198198,
    "regulation_vector_02": 0.6068438438438439,
    "regulatory_pressure": 0.6812462462462463,
    "remote_talent_access": 0.7721471471471472,
    "salary_inflation": 0.640015015015015,
    "salary_vector_01": 0.6298648648648649,
    "salary_vector_02": 0.6298888888888889,
    "sector_volatility": 0.5743693693693694,
    "skill_obsolescence_speed": 0.7246096096096096,
    "talent_scarcity": 0.746951951951952,
    "technology_vector_01": 0.6732552552552552,
    "technology_vector_02": 0.6732792792792792,
    "time_to_hire_urgency": 0.7926276276276276,
    "venture_funding_temperature": 0.576021021021021
  },
  "market_id": "security-current_canada",
  "profile_kind": "market_real_world_profile",
  "scenario": "security-current",
  "schema_version": "1.0"
}