{
  "country": "egypt",
  "dynamic_signals": {
    "competition_density": 0.5284234234234234,
    "cost_of_delay": 0.8578228228228229,
    "demand_pressure": 0.6547297297297296,
    "economic_environment": 0.34103603603603605,
    "talent_scarcity": 1.0,
    "time_to_hire_urgency": 0.8406456456456456
  },
  "features": {
    "ai_adoption_velocity": 0.4706756756756757,
    "candidate_mobility": 0.7934684684684685,
    "competition_density": 0.5284234234234234,
    "cost_of_delay": 0.8578228228228229,
    "demand_pressure": 0.6547297297297296,
    "economic_environment": 0.34103603603603605,
    "geo_mobility_index": 0.6540990990990991,
    "labor_vector_01": 0.8019309309309309,
    "labor_vector_02": 0.801954954954955,
    "layoff_pressure": 0.36542042042042044,
    "macro_vector_01": 0.3756501501501502,
    "macro_vector_02": 0.37567417417417426,
    "offer_decline_rate": 0.6528378378378379,
    "open_role_growth": 0.7884234234234234,
    "outsourcing_pressure": 0.5527477477477478,
    "passive_talent_activity": 0.751036036036036,
    "regulation_vector_01": 0.4528378378378379,
    "regulation_vector_02": 0.4528618618618619,
    "regulatory_pressure": 0.4592642642642643,
    "remote_talent_access": 0.9001651651651651,
    "salary_inflation": 0.788003003003003,
    "salary_vector_01": 0.7287432432432432,
    "salary_vector_02": 0.7287672672672673,
    "sector_volatility": 0.6023573573573573,
    "skill_obsolescence_speed": 0.8426276276276276,
    "talent_scarcity": 1.0,
    "technology_vector_01": 0.5806876876876876,
    "technology_vector_02": 0.5807117117117117,
    "time_to_hire_urgency": 0.8406456456456456,
    "venture_funding_temperature": 0.424039039039039
  },
  "market_id": "ai-current_egypt",
  "profile_kind": "market_real_world_profile",
  "scenario": "ai-current",
  "schema_version": "1.0"
}