{
  "country": "egypt",
  "dynamic_signals": {
    "competition_density": 0.17,
    "cost_of_delay": 0.29115615615615614,
    "demand_pressure": 0.1580630630630631,
    "economic_environment": 0.28439939939939934,
    "talent_scarcity": 0.5383033033033033,
    "time_to_hire_urgency": 0.32400900900900903
  },
  "features": {
    "ai_adoption_velocity": 0.0,
    "candidate_mobility": 0.5068318318318318,
    "competition_density": 0.17,
    "cost_of_delay": 0.29115615615615614,
    "demand_pressure": 0.1580630630630631,
    "economic_environment": 0.28439939939939934,
    "geo_mobility_index": 0.41746246246246244,
    "labor_vector_01": 0.305918918918919,
    "labor_vector_02": 0.305942942942943,
    "layoff_pressure": 0.46878378378378377,
    "macro_vector_01": 0.40165315315315314,
    "macro_vector_02": 0.40167717717717716,
    "offer_decline_rate": 0.2962012012012012,
    "open_role_growth": 0.3617867867867868,
    "outsourcing_pressure": 0.566081081081081,
    "passive_talent_activity": 0.34436936936936935,
    "regulation_vector_01": 0.3882132132132132,
    "regulation_vector_02": 0.38823723723723724,
    "regulatory_pressure": 0.3426276276276276,
    "remote_talent_access": 0.4835285285285285,
    "salary_inflation": 0.42136636636636643,
    "salary_vector_01": 0.37629729729729733,
    "salary_vector_02": 0.37632132132132134,
    "sector_volatility": 0.4457207207207207,
    "skill_obsolescence_speed": 0.365960960960961,
    "talent_scarcity": 0.5383033033033033,
    "technology_vector_01": 0.11890540540540541,
    "technology_vector_02": 0.11892942942942944,
    "time_to_hire_urgency": 0.32400900900900903,
    "venture_funding_temperature": 0.07740240240240236
  },
  "market_id": "ml-2016_egypt",
  "profile_kind": "market_real_world_profile",
  "scenario": "ml-2016",
  "schema_version": "1.0"
}