{
  "country": "egypt",
  "dynamic_signals": {
    "competition_density": 0.42899399399399396,
    "cost_of_delay": 0.8083933933933934,
    "demand_pressure": 0.5953003003003003,
    "economic_environment": 0.3116066066066066,
    "talent_scarcity": 0.9855405405405405,
    "time_to_hire_urgency": 0.7912162162162163
  },
  "features": {
    "ai_adoption_velocity": 0.2412462462462462,
    "candidate_mobility": 0.744069069069069,
    "competition_density": 0.42899399399399396,
    "cost_of_delay": 0.8083933933933934,
    "demand_pressure": 0.5953003003003003,
    "economic_environment": 0.3116066066066066,
    "geo_mobility_index": 0.6446996996996998,
    "labor_vector_01": 0.752945945945946,
    "labor_vector_02": 0.75296996996997,
    "layoff_pressure": 0.33602102102102105,
    "macro_vector_01": 0.3651501501501502,
    "macro_vector_02": 0.3651741741741742,
    "offer_decline_rate": 0.5934384384384384,
    "open_role_growth": 0.749024024024024,
    "outsourcing_pressure": 0.4833183183183183,
    "passive_talent_activity": 0.6616066066066066,
    "regulation_vector_01": 0.5274084084084084,
    "regulation_vector_02": 0.5274324324324324,
    "regulatory_pressure": 0.5498348348348349,
    "remote_talent_access": 0.8507357357357358,
    "salary_inflation": 0.7686036036036036,
    "salary_vector_01": 0.7118243243243242,
    "salary_vector_02": 0.7118483483483483,
    "sector_volatility": 0.572957957957958,
    "skill_obsolescence_speed": 0.7231981981981982,
    "talent_scarcity": 0.9855405405405405,
    "technology_vector_01": 0.3767147147147147,
    "technology_vector_02": 0.3767387387387387,
    "time_to_hire_urgency": 0.7912162162162163,
    "venture_funding_temperature": 0.3546396396396396
  },
  "market_id": "security-current_egypt",
  "profile_kind": "market_real_world_profile",
  "scenario": "security-current",
  "schema_version": "1.0"
}