{
  "country": "usa",
  "dynamic_signals": {
    "competition_density": 0.8916966966966967,
    "cost_of_delay": 0.851096096096096,
    "demand_pressure": 0.928003003003003,
    "economic_environment": 0.6843093093093093,
    "talent_scarcity": 0.8582432432432433,
    "time_to_hire_urgency": 0.8339189189189189
  },
  "features": {
    "ai_adoption_velocity": 1.0,
    "candidate_mobility": 0.7567417417417418,
    "competition_density": 0.8916966966966967,
    "cost_of_delay": 0.851096096096096,
    "demand_pressure": 0.928003003003003,
    "economic_environment": 0.6843093093093093,
    "geo_mobility_index": 0.6473723723723724,
    "labor_vector_01": 0.9038108108108108,
    "labor_vector_02": 0.9038348348348348,
    "layoff_pressure": 0.3887237237237237,
    "macro_vector_01": 0.5620960960960961,
    "macro_vector_02": 0.5621201201201201,
    "offer_decline_rate": 0.6461111111111112,
    "open_role_growth": 0.8117267267267267,
    "outsourcing_pressure": 0.546021021021021,
    "passive_talent_activity": 0.7443093093093093,
    "regulation_vector_01": 0.4821111111111111,
    "regulation_vector_02": 0.4821351351351351,
    "regulatory_pressure": 0.5125375375375375,
    "remote_talent_access": 0.7734384384384385,
    "salary_inflation": 0.8113063063063063,
    "salary_vector_01": 0.7601786786786787,
    "salary_vector_02": 0.7602027027027027,
    "sector_volatility": 0.5956306306306306,
    "skill_obsolescence_speed": 0.8359009009009009,
    "talent_scarcity": 0.8582432432432433,
    "technology_vector_01": 0.9438153153153154,
    "technology_vector_02": 0.9438393393393394,
    "time_to_hire_urgency": 0.8339189189189189,
    "venture_funding_temperature": 0.8073123123123123
  },
  "market_id": "ai-current_usa",
  "profile_kind": "market_real_world_profile",
  "scenario": "ai-current",
  "schema_version": "1.0"
}