{
  "country": "usa",
  "dynamic_signals": {
    "competition_density": 0.40506006006006007,
    "cost_of_delay": 0.31445945945945947,
    "demand_pressure": 0.4313363363363364,
    "economic_environment": 0.6276726726726727,
    "talent_scarcity": 0.37157657657657656,
    "time_to_hire_urgency": 0.3172822822822823
  },
  "features": {
    "ai_adoption_velocity": 0.3373123123123123,
    "candidate_mobility": 0.47010510510510506,
    "competition_density": 0.40506006006006007,
    "cost_of_delay": 0.31445945945945947,
    "demand_pressure": 0.4313363363363364,
    "economic_environment": 0.6276726726726727,
    "geo_mobility_index": 0.4107357357357357,
    "labor_vector_01": 0.3978108108108108,
    "labor_vector_02": 0.39783483483483484,
    "layoff_pressure": 0.462057057057057,
    "macro_vector_01": 0.5880990990990991,
    "macro_vector_02": 0.5881231231231231,
    "offer_decline_rate": 0.28947447447447444,
    "open_role_growth": 0.35506006006006,
    "outsourcing_pressure": 0.5893843843843843,
    "passive_talent_activity": 0.3376426426426426,
    "regulation_vector_01": 0.4054744744744745,
    "regulation_vector_02": 0.4054984984984985,
    "regulatory_pressure": 0.39590090090090085,
    "remote_talent_access": 0.35680180180180177,
    "salary_inflation": 0.4146396396396397,
    "salary_vector_01": 0.36418918918918924,
    "salary_vector_02": 0.36421321321321326,
    "sector_volatility": 0.43899399399399397,
    "skill_obsolescence_speed": 0.35923423423423423,
    "talent_scarcity": 0.37157657657657656,
    "technology_vector_01": 0.34762462462462457,
    "technology_vector_02": 0.34764864864864864,
    "time_to_hire_urgency": 0.3172822822822823,
    "venture_funding_temperature": 0.46067567567567563
  },
  "market_id": "ml-2016_usa",
  "profile_kind": "market_real_world_profile",
  "scenario": "ml-2016",
  "schema_version": "1.0"
}