{
  "country": "usa",
  "dynamic_signals": {
    "competition_density": 0.8222972972972973,
    "cost_of_delay": 0.8016666666666667,
    "demand_pressure": 0.8685735735735736,
    "economic_environment": 0.68490990990991,
    "talent_scarcity": 0.8188138138138139,
    "time_to_hire_urgency": 0.8145195195195196
  },
  "features": {
    "ai_adoption_velocity": 0.8045495495495495,
    "candidate_mobility": 0.7073423423423423,
    "competition_density": 0.8222972972972973,
    "cost_of_delay": 0.8016666666666667,
    "demand_pressure": 0.8685735735735736,
    "economic_environment": 0.68490990990991,
    "geo_mobility_index": 0.637972972972973,
    "labor_vector_01": 0.844837837837838,
    "labor_vector_02": 0.844861861861862,
    "layoff_pressure": 0.3292942942942943,
    "macro_vector_01": 0.5681126126126127,
    "macro_vector_02": 0.5681366366366367,
    "offer_decline_rate": 0.5867117117117117,
    "open_role_growth": 0.7422972972972973,
    "outsourcing_pressure": 0.4765915915915916,
    "passive_talent_activity": 0.65487987987988,
    "regulation_vector_01": 0.5987237237237237,
    "regulation_vector_02": 0.5987477477477477,
    "regulatory_pressure": 0.6331381381381381,
    "remote_talent_access": 0.754039039039039,
    "salary_inflation": 0.7618768768768769,
    "salary_vector_01": 0.6997162162162162,
    "salary_vector_02": 0.6997402402402402,
    "sector_volatility": 0.5662312312312313,
    "skill_obsolescence_speed": 0.7164714714714715,
    "talent_scarcity": 0.8188138138138139,
    "technology_vector_01": 0.7876516516516516,
    "technology_vector_02": 0.7876756756756756,
    "time_to_hire_urgency": 0.8145195195195196,
    "venture_funding_temperature": 0.7379129129129129
  },
  "market_id": "security-current_usa",
  "profile_kind": "market_real_world_profile",
  "scenario": "security-current",
  "schema_version": "1.0"
}