{
  "country": "netherlands",
  "dynamic_signals": {
    "competition_density": 0.6971021021021021,
    "cost_of_delay": 0.8465015015015015,
    "demand_pressure": 0.7934084084084083,
    "economic_environment": 0.7297147147147147,
    "talent_scarcity": 0.7436486486486487,
    "time_to_hire_urgency": 0.8293243243243243
  },
  "features": {
    "ai_adoption_velocity": 0.8593543543543544,
    "candidate_mobility": 0.6421771771771771,
    "competition_density": 0.6971021021021021,
    "cost_of_delay": 0.8465015015015015,
    "demand_pressure": 0.7934084084084083,
    "economic_environment": 0.7297147147147147,
    "geo_mobility_index": 0.6728078078078078,
    "labor_vector_01": 0.7735405405405404,
    "labor_vector_02": 0.7735645645645645,
    "layoff_pressure": 0.3841291291291291,
    "macro_vector_01": 0.5719474474474475,
    "macro_vector_02": 0.5719714714714715,
    "offer_decline_rate": 0.6715465465465466,
    "open_role_growth": 0.8071321321321322,
    "outsourcing_pressure": 0.5414264264264265,
    "passive_talent_activity": 0.7397147147147147,
    "regulation_vector_01": 0.5315165165165165,
    "regulation_vector_02": 0.5315405405405406,
    "regulatory_pressure": 0.597942942942943,
    "remote_talent_access": 0.7988438438438438,
    "salary_inflation": 0.6567117117117116,
    "salary_vector_01": 0.6649189189189189,
    "salary_vector_02": 0.6649429429429429,
    "sector_volatility": 0.6210660660660661,
    "skill_obsolescence_speed": 0.8313063063063063,
    "talent_scarcity": 0.7436486486486487,
    "technology_vector_01": 0.8403093093093094,
    "technology_vector_02": 0.8403333333333334,
    "time_to_hire_urgency": 0.8293243243243243,
    "venture_funding_temperature": 0.6827477477477477
  },
  "market_id": "ai-current_netherlands",
  "profile_kind": "market_real_world_profile",
  "scenario": "ai-current",
  "schema_version": "1.0"
}