{
  "country": "netherlands",
  "dynamic_signals": {
    "competition_density": 0.2104654654654655,
    "cost_of_delay": 0.30986486486486486,
    "demand_pressure": 0.2967417417417418,
    "economic_environment": 0.673078078078078,
    "talent_scarcity": 0.256981981981982,
    "time_to_hire_urgency": 0.3126876876876877
  },
  "features": {
    "ai_adoption_velocity": 0.19271771771771773,
    "candidate_mobility": 0.3255105105105105,
    "competition_density": 0.2104654654654655,
    "cost_of_delay": 0.30986486486486486,
    "demand_pressure": 0.2967417417417418,
    "economic_environment": 0.673078078078078,
    "geo_mobility_index": 0.40614114114114114,
    "labor_vector_01": 0.2915645645645646,
    "labor_vector_02": 0.29158858858858866,
    "layoff_pressure": 0.4574624624624624,
    "macro_vector_01": 0.6354879879879879,
    "macro_vector_02": 0.6355120120120119,
    "offer_decline_rate": 0.28487987987987984,
    "open_role_growth": 0.3504654654654655,
    "outsourcing_pressure": 0.5847897897897898,
    "passive_talent_activity": 0.36307807807807807,
    "regulation_vector_01": 0.4548798798798799,
    "regulation_vector_02": 0.4549039039039039,
    "regulatory_pressure": 0.4813063063063063,
    "remote_talent_access": 0.3822072072072072,
    "salary_inflation": 0.26004504504504505,
    "salary_vector_01": 0.25841891891891894,
    "salary_vector_02": 0.25844294294294295,
    "sector_volatility": 0.4343993993993994,
    "skill_obsolescence_speed": 0.38466966966966964,
    "talent_scarcity": 0.256981981981982,
    "technology_vector_01": 0.25036336336336334,
    "technology_vector_02": 0.25038738738738736,
    "time_to_hire_urgency": 0.3126876876876877,
    "venture_funding_temperature": 0.30608108108108106
  },
  "market_id": "ml-2016_netherlands",
  "profile_kind": "market_real_world_profile",
  "scenario": "ml-2016",
  "schema_version": "1.0"
}