{
  "country": "netherlands",
  "dynamic_signals": {
    "competition_density": 0.6277027027027026,
    "cost_of_delay": 0.7970720720720721,
    "demand_pressure": 0.733978978978979,
    "economic_environment": 0.7303153153153152,
    "talent_scarcity": 0.7042192192192192,
    "time_to_hire_urgency": 0.809924924924925
  },
  "features": {
    "ai_adoption_velocity": 0.6599549549549548,
    "candidate_mobility": 0.5627477477477477,
    "competition_density": 0.6277027027027026,
    "cost_of_delay": 0.7970720720720721,
    "demand_pressure": 0.733978978978979,
    "economic_environment": 0.7303153153153152,
    "geo_mobility_index": 0.6333783783783784,
    "labor_vector_01": 0.7145675675675676,
    "labor_vector_02": 0.7145915915915916,
    "layoff_pressure": 0.3246996996996997,
    "macro_vector_01": 0.5914774774774775,
    "macro_vector_02": 0.5915015015015015,
    "offer_decline_rate": 0.5821171171171171,
    "open_role_growth": 0.7377027027027027,
    "outsourcing_pressure": 0.5020270270270271,
    "passive_talent_activity": 0.6502852852852853,
    "regulation_vector_01": 0.636117117117117,
    "regulation_vector_02": 0.6361411411411411,
    "regulatory_pressure": 0.7185435435435436,
    "remote_talent_access": 0.7794444444444445,
    "salary_inflation": 0.6072822822822824,
    "salary_vector_01": 0.5939459459459461,
    "salary_vector_02": 0.5939699699699701,
    "sector_volatility": 0.5616366366366367,
    "skill_obsolescence_speed": 0.7118768768768768,
    "talent_scarcity": 0.7042192192192192,
    "technology_vector_01": 0.6813813813813812,
    "technology_vector_02": 0.6814054054054052,
    "time_to_hire_urgency": 0.809924924924925,
    "venture_funding_temperature": 0.5833183183183183
  },
  "market_id": "security-current_netherlands",
  "profile_kind": "market_real_world_profile",
  "scenario": "security-current",
  "schema_version": "1.0"
}