{
  "company_id": "coveo_real_world_profile",
  "company_name": "coveo",
  "features": {
    "architecture_vector_01": 0.6632332332332331,
    "architecture_vector_02": 0.7832732732732733,
    "architecture_vector_03": 0.5133133133133133,
    "architecture_vector_04": 0.6333533533533534,
    "architecture_vector_05": 0.7533933933933934,
    "architecture_vector_06": 0.4834334334334334,
    "architecture_vector_07": 0.6034734734734736,
    "architecture_vector_08": 0.7235135135135135,
    "architecture_vector_09": 0.45355355355355353,
    "architecture_vector_10": 0.5732332332332333,
    "budget_flexibility": 0.7708208208208208,
    "bureaucracy_level": 0.435,
    "candidate_experience_quality": 0.825,
    "compensation_efficiency": 0.7625,
    "compliance_rigor": 0.7017717717717717,
    "compliance_vector_01": 0.533943943943944,
    "compliance_vector_02": 0.6539839839839839,
    "compliance_vector_03": 0.774024024024024,
    "compliance_vector_04": 0.504064064064064,
    "compliance_vector_05": 0.6241041041041042,
    "compliance_vector_06": 0.7441441441441441,
    "compliance_vector_07": 0.4741841841841842,
    "compliance_vector_08": 0.5942242242242243,
    "compliance_vector_09": 0.7142642642642643,
    "compliance_vector_10": 0.44394394394394393,
    "cross_team_alignment": 0.5391091091091091,
    "data_vector_01": 0.8183183183183184,
    "data_vector_02": 0.5483583583583583,
    "data_vector_03": 0.6683983983983983,
    "data_vector_04": 0.7884384384384384,
    "data_vector_05": 0.5184784784784785,
    "data_vector_06": 0.6385185185185186,
    "data_vector_07": 0.7585585585585586,
    "data_vector_08": 0.48859859859859855,
    "data_vector_09": 0.6086386386386388,
    "data_vector_10": 0.7283183183183183,
    "decision_making_entropy": 0.5421221221221221,
    "delivery_reliability": 0.5997097097097098,
    "delivery_vector_01": 0.6766166166166165,
    "delivery_vector_02": 0.7966566566566567,
    "delivery_vector_03": 0.5266966966966967,
    "delivery_vector_04": 0.6467367367367366,
    "delivery_vector_05": 0.7667767767767768,
    "delivery_vector_06": 0.49681681681681683,
    "delivery_vector_07": 0.616856856856857,
    "delivery_vector_08": 0.7368968968968969,
    "delivery_vector_09": 0.4669369369369369,
    "delivery_vector_10": 0.5866166166166167,
    "engineering_depth": 0.86,
    "execution_vector_01": 0.7411011011011011,
    "execution_vector_02": 0.47114114114114114,
    "execution_vector_03": 0.5911811811811812,
    "execution_vector_04": 0.7112212212212212,
    "execution_vector_05": 0.44126126126126125,
    "execution_vector_06": 0.5613013013013014,
    "execution_vector_07": 0.6813413413413413,
    "execution_vector_08": 0.8013813813813814,
    "execution_vector_09": 0.5314214214214215,
    "execution_vector_10": 0.651101101101101,
    "finance_vector_01": 0.7308508508508509,
    "finance_vector_02": 0.46089089089089086,
    "finance_vector_03": 0.580930930930931,
    "finance_vector_04": 0.7009709709709709,
    "finance_vector_05": 0.431011011011011,
    "finance_vector_06": 0.5510510510510511,
    "finance_vector_07": 0.671091091091091,
    "finance_vector_08": 0.7911311311311312,
    "finance_vector_09": 0.5211711711711712,
    "finance_vector_10": 0.6408508508508508,
    "governance_vector_01": 0.6244644644644646,
    "governance_vector_02": 0.7445045045045044,
    "governance_vector_03": 0.47454454454454453,
    "governance_vector_04": 0.5945845845845846,
    "governance_vector_05": 0.7146246246246246,
    "governance_vector_06": 0.44466466466466464,
    "governance_vector_07": 0.5647047047047048,
    "governance_vector_08": 0.6847447447447447,
    "governance_vector_09": 0.8047847847847849,
    "governance_vector_10": 0.5344644644644645,
    "growth_pressure": 0.8600900900900902,
    "hiring_latency": 0.47,
    "hiring_urgency": 0.745,
    "infra_maturity": 0.45476476476476474,
    "innovation_index": 0.82,
    "innovation_vector_01": 0.4756256256256256,
    "innovation_vector_02": 0.5956656656656657,
    "innovation_vector_03": 0.7157057057057057,
    "innovation_vector_04": 0.44574574574574577,
    "innovation_vector_05": 0.5657857857857859,
    "innovation_vector_06": 0.6858258258258257,
    "innovation_vector_07": 0.805865865865866,
    "innovation_vector_08": 0.5359059059059059,
    "innovation_vector_09": 0.6559459459459459,
    "innovation_vector_10": 0.7756256256256256,
    "internal_politics_factor": 0.4764864864864865,
    "interview_loop_length": 0.6645945945945945,
    "knowledge_sharing_index": 0.7814014014014015,
    "leadership_accountability": 0.8075,
    "leadership_vector_01": 0.6541841841841841,
    "leadership_vector_02": 0.7742242242242242,
    "leadership_vector_03": 0.5042642642642643,
    "leadership_vector_04": 0.6243043043043044,
    "leadership_vector_05": 0.7443443443443444,
    "leadership_vector_06": 0.47438438438438435,
    "leadership_vector_07": 0.5944244244244246,
    "leadership_vector_08": 0.7144644644644644,
    "leadership_vector_09": 0.4445045045045045,
    "leadership_vector_10": 0.5641841841841843,
    "managerial_bandwidth": 0.6474674674674674,
    "market_vector_01": 0.6676476476476476,
    "market_vector_02": 0.7876876876876877,
    "market_vector_03": 0.5177277277277278,
    "market_vector_04": 0.6377677677677677,
    "market_vector_05": 0.7578078078078079,
    "market_vector_06": 0.48784784784784785,
    "market_vector_07": 0.607887887887888,
    "market_vector_08": 0.7279279279279279,
    "market_vector_09": 0.45796796796796796,
    "market_vector_10": 0.5776476476476478,
    "offer_approval_delay": 0.6287087087087087,
    "onboarding_quality": 0.4413013013013013,
    "operations_vector_01": 0.5055855855855856,
    "operations_vector_02": 0.6256256256256257,
    "operations_vector_03": 0.7456656656656656,
    "operations_vector_04": 0.4757057057057057,
    "operations_vector_05": 0.5957457457457458,
    "operations_vector_06": 0.7157857857857858,
    "operations_vector_07": 0.4458258258258258,
    "operations_vector_08": 0.565865865865866,
    "operations_vector_09": 0.6859059059059058,
    "operations_vector_10": 0.8055855855855857,
    "people_vector_01": 0.6976876876876876,
    "people_vector_02": 0.4277277277277277,
    "people_vector_03": 0.5477677677677678,
    "people_vector_04": 0.6678078078078078,
    "people_vector_05": 0.7878478478478479,
    "people_vector_06": 0.5178878878878879,
    "people_vector_07": 0.6379279279279279,
    "people_vector_08": 0.757967967967968,
    "people_vector_09": 0.48800800800800803,
    "people_vector_10": 0.6076876876876878,
    "performance_management_quality": 0.6916716716716717,
    "planning_vector_01": 0.5560960960960961,
    "planning_vector_02": 0.6761361361361361,
    "planning_vector_03": 0.7961761761761762,
    "planning_vector_04": 0.5262162162162163,
    "planning_vector_05": 0.6462562562562562,
    "planning_vector_06": 0.7662962962962964,
    "planning_vector_07": 0.49633633633633634,
    "planning_vector_08": 0.6163763763763764,
    "planning_vector_09": 0.7364164164164164,
    "planning_vector_10": 0.4660960960960961,
    "process_vector_01": 0.5825725725725727,
    "process_vector_02": 0.7026126126126125,
    "process_vector_03": 0.4326526526526527,
    "process_vector_04": 0.5526926926926927,
    "process_vector_05": 0.6727327327327327,
    "process_vector_06": 0.7927727727727728,
    "process_vector_07": 0.5228128128128129,
    "process_vector_08": 0.6428528528528528,
    "process_vector_09": 0.7628928928928929,
    "process_vector_10": 0.4925725725725726,
    "product_vector_01": 0.7026526526526526,
    "product_vector_02": 0.43269269269269267,
    "product_vector_03": 0.5527327327327328,
    "product_vector_04": 0.6727727727727727,
    "product_vector_05": 0.7928128128128129,
    "product_vector_06": 0.5228528528528529,
    "product_vector_07": 0.6428928928928928,
    "product_vector_08": 0.762932932932933,
    "product_vector_09": 0.492972972972973,
    "product_vector_10": 0.6126526526526528,