{
  "candidate_id": "demo_joe_doe_level_1",
  "candidate_profile": {
    "headline": "Demo Candidate for Axiom-Recruit calibration",
    "location": "Toronto, Canada",
    "name": "Joe Doe",
    "summary": "Synthetic demonstration profile used for deterministic level calibration and regression testing."
  },
  "features": {
    "algorithmic_depth": 0.413978978978979,
    "architecture_vector_01": 0.4168618618618619,
    "architecture_vector_02": 0.4368918918918919,
    "architecture_vector_03": 0.456921921921922,
    "architecture_vector_04": 0.476951951951952,
    "architecture_vector_05": 0.276981981981982,
    "architecture_vector_06": 0.29701201201201205,
    "architecture_vector_07": 0.3170420420420421,
    "architecture_vector_08": 0.33707207207207207,
    "architecture_vector_09": 0.35710210210210214,
    "code_latency_efficiency": 0.28193693693693694,
    "code_memory_efficiency": 0.2993243243243244,
    "collaboration_reliability": 0.4297447447447448,
    "collaboration_vector_01": 0.47992492492492494,
    "collaboration_vector_02": 0.279954954954955,
    "collaboration_vector_03": 0.29998498498498505,
    "collaboration_vector_04": 0.32001501501501506,
    "collaboration_vector_05": 0.34004504504504507,
    "collaboration_vector_06": 0.36007507507507514,
    "collaboration_vector_07": 0.3801051051051051,
    "collaboration_vector_08": 0.40013513513513516,
    "collaboration_vector_09": 0.4201651651651652,
    "communication_vector_01": 0.30031531531531536,
    "communication_vector_02": 0.3203453453453454,
    "communication_vector_03": 0.3403753753753754,
    "communication_vector_04": 0.36040540540540544,
    "communication_vector_05": 0.38043543543543545,
    "communication_vector_06": 0.40046546546546546,
    "communication_vector_07": 0.42049549549549553,
    "communication_vector_08": 0.4405255255255256,
    "communication_vector_09": 0.4605555555555556,
    "consistency_score": 0.42,
    "delivery_predictability": 0.42379879879879884,
    "delivery_vector_01": 0.49442942942942947,
    "delivery_vector_02": 0.2944594594594595,
    "delivery_vector_03": 0.3144894894894895,
    "delivery_vector_04": 0.3345195195195196,
    "delivery_vector_05": 0.3545495495495496,
    "delivery_vector_06": 0.3745795795795796,
    "delivery_vector_07": 0.3946096096096096,
    "delivery_vector_08": 0.4146396396396397,
    "delivery_vector_09": 0.4346696696696697,
    "documentation_quality": 0.43821321321321327,
    "domain_adaptability": 0.429954954954955,
    "ethical_judgment_score": 0.2996546546546547,
    "execution_history": 0.36,
    "failure_recovery_capability": 0.33,
    "github_impact": 0.30127627627627634,
    "incident_response_speed": 0.32331831831831837,
    "innovation_index": 0.4,
    "leadership_vector_01": 0.29007507507507513,
    "leadership_vector_02": 0.3101051051051052,
    "leadership_vector_03": 0.33013513513513515,
    "leadership_vector_04": 0.3501651651651652,
    "leadership_vector_05": 0.3701951951951952,
    "leadership_vector_06": 0.39022522522522524,
    "leadership_vector_07": 0.4102552552552553,
    "leadership_vector_08": 0.43028528528528537,
    "leadership_vector_09": 0.4503153153153154,
    "learning_velocity": 0.48,
    "mentorship_vector_01": 0.43127627627627635,
    "mentorship_vector_02": 0.45130630630630636,
    "mentorship_vector_03": 0.47133633633633637,
    "mentorship_vector_04": 0.2713663663663664,
    "mentorship_vector_05": 0.2913963963963964,
    "mentorship_vector_06": 0.3114264264264265,
    "mentorship_vector_07": 0.3314564564564565,
    "mentorship_vector_08": 0.3514864864864865,
    "mentorship_vector_09": 0.3715165165165165,
    "observability_rigor": 0.3314564564564565,
    "ownership_depth": 0.32857357357357364,
    "ownership_vector_01": 0.28809309309309317,
    "ownership_vector_02": 0.3081231231231232,
    "ownership_vector_03": 0.3281531531531532,
    "ownership_vector_04": 0.3481831831831832,
    "ownership_vector_05": 0.3682132132132132,
    "ownership_vector_06": 0.3882432432432433,
    "ownership_vector_07": 0.40827327327327334,
    "ownership_vector_08": 0.42830330330330335,
    "ownership_vector_09": 0.4483333333333334,
    "product_vector_01": 0.49145645645645647,
    "product_vector_02": 0.2914864864864865,
    "product_vector_03": 0.3115165165165166,
    "product_vector_04": 0.3315465465465466,
    "product_vector_05": 0.3515765765765766,
    "product_vector_06": 0.37160660660660666,
    "product_vector_07": 0.3916366366366366,
    "product_vector_08": 0.4116666666666667,
    "product_vector_09": 0.43169669669669675,
    "project_complexity": 0.38,
    "psychological_stability": 0.45,
    "quality_vector_01": 0.43169669669669675,
    "quality_vector_02": 0.45172672672672676,
    "quality_vector_03": 0.4717567567567568,
    "quality_vector_04": 0.49178678678678683,
    "quality_vector_05": 0.2918168168168168,
    "quality_vector_06": 0.3118468468468469,
    "quality_vector_07": 0.33187687687687695,
    "quality_vector_08": 0.35190690690690696,
    "quality_vector_09": 0.37193693693693697,
    "real_world_deployment_impact": 0.32,
    "resilience_vector_01": 0.33013513513513515,
    "resilience_vector_02": 0.3501651651651652,
    "resilience_vector_03": 0.3701951951951952,
    "resilience_vector_04": 0.39022522522522524,
    "resilience_vector_05": 0.4102552552552553,
    "resilience_vector_06": 0.43028528528528537,
    "resilience_vector_07": 0.4503153153153154,
    "resilience_vector_08": 0.4703453453453454,
    "resilience_vector_09": 0.2703753753753754,
    "resource_advantage_index": 0.2,
    "security_hardening": 0.30779279279279287,
    "security_vector_01": 0.42500000000000004,
    "security_vector_02": 0.4450300300300301,
    "security_vector_03": 0.4650600600600601,
    "security_vector_04": 0.2650900900900901,
    "security_vector_05": 0.28512012012012017,
    "security_vector_06": 0.30515015015015023,
    "security_vector_07": 0.3251801801801802,
    "security_vector_08": 0.34521021021021026,
    "security_vector_09": 0.36524024024024027,
    "signal_to_noise_ratio": 0.3170420420420421,
    "system_design_depth": 0.47100600600600606,
    "technical_leadership": 0.29271771771771776,
    "test_coverage_quality": 0.3577627627627628
  },
  "profile_kind": "demo_level_candidate",
  "profile_level": 1,
  "schema_version": "1.0"
}