{
  "candidate_id": "demo_joe_doe_level_5",
  "candidate_profile": {
    "headline": "Demo Candidate for Axiom-Recruit calibration",
    "location": "Toronto, Canada",
    "name": "Joe Doe",
    "summary": "Synthetic demonstration profile used for deterministic level calibration and regression testing."
  },
  "features": {
    "algorithmic_depth": 0.9646990990990991,
    "architecture_vector_01": 0.9181819819819819,
    "architecture_vector_02": 0.918212012012012,
    "architecture_vector_03": 0.918242042042042,
    "architecture_vector_04": 0.918272072072072,
    "architecture_vector_05": 0.9183021021021021,
    "architecture_vector_06": 0.918332132132132,
    "architecture_vector_07": 0.918362162162162,
    "architecture_vector_08": 0.9183921921921923,
    "architecture_vector_09": 0.9184222222222223,
    "code_latency_efficiency": 0.942857057057057,
    "code_memory_efficiency": 0.9206444444444444,
    "collaboration_reliability": 0.8624648648648648,
    "collaboration_vector_01": 0.676245045045045,
    "collaboration_vector_02": 0.7416087350750751,
    "collaboration_vector_03": 0.8069714451051051,
    "collaboration_vector_04": 0.6600014751351351,
    "collaboration_vector_05": 0.7253651651651651,
    "collaboration_vector_06": 0.7907288551951952,
    "collaboration_vector_07": 0.6437588852252253,
    "collaboration_vector_08": 0.7091215952552553,
    "collaboration_vector_09": 0.7744852852852853,
    "communication_vector_01": 0.8530354354354355,
    "communication_vector_02": 0.8530654654654655,
    "communication_vector_03": 0.8530954954954956,
    "communication_vector_04": 0.8531255255255256,
    "communication_vector_05": 0.8531555555555556,
    "communication_vector_06": 0.8531855855855857,
    "communication_vector_07": 0.8532156156156157,
    "communication_vector_08": 0.8532456456456456,
    "communication_vector_09": 0.8532756756756757,
    "consistency_score": 0.83,
    "delivery_predictability": 0.905518918918919,
    "delivery_vector_01": 0.9063495495495496,
    "delivery_vector_02": 0.9063795795795796,
    "delivery_vector_03": 0.9064096096096097,
    "delivery_vector_04": 0.9064396396396397,
    "delivery_vector_05": 0.9064696696696698,
    "delivery_vector_06": 0.9064996996996999,
    "delivery_vector_07": 0.9065297297297298,
    "delivery_vector_08": 0.9065597597597598,
    "delivery_vector_09": 0.9065897897897899,
    "documentation_quality": 0.8215333333333332,
    "domain_adaptability": 0.930875075075075,
    "ethical_judgment_score": 0.8915747747747748,
    "execution_history": 0.86,
    "failure_recovery_capability": 0.8400000000000001,
    "github_impact": 0.9323963963963964,
    "incident_response_speed": 0.9246384384384383,
    "innovation_index": 0.89,
    "leadership_vector_01": 0.8721951951951952,
    "leadership_vector_02": 0.8722252252252253,
    "leadership_vector_03": 0.8722552552552554,
    "leadership_vector_04": 0.8722852852852854,
    "leadership_vector_05": 0.8723153153153154,
    "leadership_vector_06": 0.8723453453453454,
    "leadership_vector_07": 0.8723753753753754,
    "leadership_vector_08": 0.8724054054054055,
    "leadership_vector_09": 0.8724354354354354,
    "learning_velocity": 0.88,
    "mentorship_vector_01": 0.8341963963963964,
    "mentorship_vector_02": 0.8342264264264264,
    "mentorship_vector_03": 0.8342564564564564,
    "mentorship_vector_04": 0.8342864864864865,
    "mentorship_vector_05": 0.8343165165165165,
    "mentorship_vector_06": 0.8343465465465465,
    "mentorship_vector_07": 0.8343765765765766,
    "mentorship_vector_08": 0.8344066066066066,
    "mentorship_vector_09": 0.8344366366366366,
    "observability_rigor": 0.8735765765765767,
    "ownership_depth": 0.9396936936936936,
    "ownership_vector_01": 0.8996132132132132,
    "ownership_vector_02": 0.8996432432432432,
    "ownership_vector_03": 0.8996732732732733,
    "ownership_vector_04": 0.8997033033033033,
    "ownership_vector_05": 0.8997333333333333,
    "ownership_vector_06": 0.8997633633633634,
    "ownership_vector_07": 0.8997933933933934,
    "ownership_vector_08": 0.8998234234234234,
    "ownership_vector_09": 0.8998534534534535,
    "product_vector_01": 0.6387765765765766,
    "product_vector_02": 0.7041402666066067,
    "product_vector_03": 0.7695029766366367,
    "product_vector_04": 0.8348666666666666,
    "product_vector_05": 0.6878966966966966,
    "product_vector_06": 0.7532603867267267,
    "product_vector_07": 0.8186230967567568,
    "product_vector_08": 0.6716531267867868,
    "product_vector_09": 0.7370168168168167,
    "project_complexity": 0.9,
    "psychological_stability": 0.82,
    "quality_vector_01": 0.8023504768168168,
    "quality_vector_02": 0.6553805068468469,
    "quality_vector_03": 0.7207432168768769,
    "quality_vector_04": 0.7861069069069069,
    "quality_vector_05": 0.639136936936937,
    "quality_vector_06": 0.704500626966967,
    "quality_vector_07": 0.769863336996997,
    "quality_vector_08": 0.835227027027027,
    "quality_vector_09": 0.688257057057057,
    "real_world_deployment_impact": 0.8700000000000001,
    "resilience_vector_01": 0.8918552552552554,
    "resilience_vector_02": 0.8918852852852854,
    "resilience_vector_03": 0.8919153153153154,
    "resilience_vector_04": 0.8919453453453454,
    "resilience_vector_05": 0.8919753753753754,
    "resilience_vector_06": 0.8920054054054055,
    "resilience_vector_07": 0.8920354354354355,
    "resilience_vector_08": 0.8920654654654655,
    "resilience_vector_09": 0.8920954954954956,
    "resource_advantage_index": 0.8999999999999999,
    "security_hardening": 0.9483129129129129,
    "security_vector_01": 0.91612012012012,
    "security_vector_02": 0.9161501501501501,
    "security_vector_03": 0.9161801801801801,
    "security_vector_04": 0.9162102102102101,
    "security_vector_05": 0.9162402402402402,
    "security_vector_06": 0.9162702702702702,
    "security_vector_07": 0.9163003003003003,
    "security_vector_08": 0.9163303303303304,
    "security_vector_09": 0.9163603603603603,
    "signal_to_noise_ratio": 0.8889621621621622,
    "system_design_depth": 0.9221261261261261,
    "technical_leadership": 0.9042378378378378,
    "test_coverage_quality": 0.8602828828828829
  },
  "profile_kind": "demo_level_candidate",
  "profile_level": 5,
  "schema_version": "1.0"
}