{
  "candidate_id": "demo_joe_doe_level_3",
  "candidate_profile": {
    "headline": "Demo Candidate for Axiom-Recruit calibration",
    "location": "Toronto, Canada",
    "name": "Joe Doe",
    "summary": "Synthetic demonstration profile used for deterministic level calibration and regression testing."
  },
  "features": {
    "algorithmic_depth": 0.640839039039039,
    "architecture_vector_01": 0.6205219219219219,
    "architecture_vector_02": 0.6305519519519519,
    "architecture_vector_03": 0.6405819819819819,
    "architecture_vector_04": 0.650612012012012,
    "architecture_vector_05": 0.550642042042042,
    "architecture_vector_06": 0.560672072072072,
    "architecture_vector_07": 0.5707021021021021,
    "architecture_vector_08": 0.5807321321321322,
    "architecture_vector_09": 0.5907621621621622,
    "code_latency_efficiency": 0.564396996996997,
    "code_memory_efficiency": 0.5629843843843844,
    "collaboration_reliability": 0.6026048048048048,
    "collaboration_vector_01": 0.543584984984985,
    "collaboration_vector_02": 0.472948495015015,
    "collaboration_vector_03": 0.5123115650450452,
    "collaboration_vector_04": 0.4563415950750751,
    "collaboration_vector_05": 0.4957051051051051,
    "collaboration_vector_06": 0.5350686151351352,
    "collaboration_vector_07": 0.4790986451651652,
    "collaboration_vector_08": 0.5184617151951952,
    "collaboration_vector_09": 0.5578252252252254,
    "communication_vector_01": 0.5331753753753753,
    "communication_vector_02": 0.5432054054054054,
    "communication_vector_03": 0.5532354354354354,
    "communication_vector_04": 0.5632654654654654,
    "communication_vector_05": 0.5732954954954955,
    "communication_vector_06": 0.5833255255255255,
    "communication_vector_07": 0.5933555555555555,
    "communication_vector_08": 0.6033855855855856,
    "communication_vector_09": 0.6134156156156156,
    "consistency_score": 0.625,
    "delivery_predictability": 0.6186588588588589,
    "delivery_vector_01": 0.6548894894894896,
    "delivery_vector_02": 0.5549195195195196,
    "delivery_vector_03": 0.5649495495495496,
    "delivery_vector_04": 0.5749795795795796,
    "delivery_vector_05": 0.5850096096096096,
    "delivery_vector_06": 0.5950396396396397,
    "delivery_vector_07": 0.6050696696696697,
    "delivery_vector_08": 0.6150996996996998,
    "delivery_vector_09": 0.6251297297297298,
    "documentation_quality": 0.5878732732732733,
    "domain_adaptability": 0.6324150150150151,
    "ethical_judgment_score": 0.5501147147147147,
    "execution_history": 0.61,
    "failure_recovery_capability": 0.585,
    "github_impact": 0.5693363363363364,
    "incident_response_speed": 0.5769783783783784,
    "innovation_index": 0.645,
    "leadership_vector_01": 0.5361351351351352,
    "leadership_vector_02": 0.5461651651651652,
    "leadership_vector_03": 0.5561951951951952,
    "leadership_vector_04": 0.5662252252252253,
    "leadership_vector_05": 0.5762552552552553,
    "leadership_vector_06": 0.5862852852852853,
    "leadership_vector_07": 0.5963153153153155,
    "leadership_vector_08": 0.6063453453453455,
    "leadership_vector_09": 0.6163753753753755,
    "learning_velocity": 0.6799999999999999,
    "mentorship_vector_01": 0.5897363363363364,
    "mentorship_vector_02": 0.5997663663663664,
    "mentorship_vector_03": 0.6097963963963965,
    "mentorship_vector_04": 0.5098264264264264,
    "mentorship_vector_05": 0.5198564564564564,
    "mentorship_vector_06": 0.5298864864864865,
    "mentorship_vector_07": 0.5399165165165165,
    "mentorship_vector_08": 0.5499465465465465,
    "mentorship_vector_09": 0.5599765765765766,
    "observability_rigor": 0.5575165165165166,
    "ownership_depth": 0.5866336336336337,
    "ownership_vector_01": 0.5473531531531531,
    "ownership_vector_02": 0.5573831831831833,
    "ownership_vector_03": 0.5674132132132133,
    "ownership_vector_04": 0.5774432432432433,
    "ownership_vector_05": 0.5874732732732733,
    "ownership_vector_06": 0.5975033033033033,
    "ownership_vector_07": 0.6075333333333333,
    "ownership_vector_08": 0.6175633633633634,
    "ownership_vector_09": 0.6275933933933934,
    "product_vector_01": 0.5331165165165166,
    "product_vector_02": 0.4624800265465466,
    "product_vector_03": 0.5018430965765767,
    "product_vector_04": 0.5412066066066067,
    "product_vector_05": 0.48523663663663663,
    "product_vector_06": 0.5246001466666668,
    "product_vector_07": 0.5639632166966967,
    "product_vector_08": 0.5079932467267267,
    "product_vector_09": 0.5473567567567569,
    "project_complexity": 0.64,
    "psychological_stability": 0.635,
    "quality_vector_01": 0.5766902367567569,
    "quality_vector_02": 0.5207202667867868,
    "quality_vector_03": 0.5600833368168169,
    "quality_vector_04": 0.5994468468468469,
    "quality_vector_05": 0.4334768768768769,
    "quality_vector_06": 0.472840386906907,
    "quality_vector_07": 0.512203456936937,
    "quality_vector_08": 0.5515669669669669,
    "quality_vector_09": 0.49559699699699705,
    "real_world_deployment_impact": 0.595,
    "resilience_vector_01": 0.5649951951951951,
    "resilience_vector_02": 0.5750252252252253,
    "resilience_vector_03": 0.5850552552552553,
    "resilience_vector_04": 0.5950852852852853,
    "resilience_vector_05": 0.6051153153153154,
    "resilience_vector_06": 0.6151453453453454,
    "resilience_vector_07": 0.6251753753753754,
    "resilience_vector_08": 0.6352054054054055,
    "resilience_vector_09": 0.5352354354354354,
    "resource_advantage_index": 0.55,
    "security_hardening": 0.5790528528528528,
    "security_vector_01": 0.6230600600600601,
    "security_vector_02": 0.6330900900900901,
    "security_vector_03": 0.6431201201201201,
    "security_vector_04": 0.5431501501501502,
    "security_vector_05": 0.5531801801801802,
    "security_vector_06": 0.5632102102102102,
    "security_vector_07": 0.5732402402402402,
    "security_vector_08": 0.5832702702702702,
    "security_vector_09": 0.5933003003003002,
    "signal_to_noise_ratio": 0.5575021021021022,
    "system_design_depth": 0.6490660660660661,
    "technical_leadership": 0.5519777777777778,
    "test_coverage_quality": 0.5650228228228229
  },
  "profile_kind": "demo_level_candidate",
  "profile_level": 3,
  "schema_version": "1.0"
}