{
  "candidate_id": "demo_joe_doe_level_2",
  "candidate_profile": {
    "headline": "Demo Candidate for Axiom-Recruit calibration",
    "location": "Toronto, Canada",
    "name": "Joe Doe",
    "summary": "Synthetic demonstration profile used for deterministic level calibration and regression testing."
  },
  "features": {
    "algorithmic_depth": 0.5274090090090091,
    "architecture_vector_01": 0.5186918918918919,
    "architecture_vector_02": 0.533721921921922,
    "architecture_vector_03": 0.548751951951952,
    "architecture_vector_04": 0.5637819819819819,
    "architecture_vector_05": 0.413812012012012,
    "architecture_vector_06": 0.42884204204204207,
    "architecture_vector_07": 0.4438720720720721,
    "architecture_vector_08": 0.4589021021021021,
    "architecture_vector_09": 0.47393213213213214,
    "code_latency_efficiency": 0.423166966966967,
    "code_memory_efficiency": 0.4311543543543544,
    "collaboration_reliability": 0.5161747747747747,
    "collaboration_vector_01": 0.5117549549549549,
    "collaboration_vector_02": 0.376451724984985,
    "collaboration_vector_03": 0.40614827501501505,
    "collaboration_vector_04": 0.3881783050450451,
    "collaboration_vector_05": 0.4178750750750751,
    "collaboration_vector_06": 0.4475718451051051,
    "collaboration_vector_07": 0.42960187513513515,
    "collaboration_vector_08": 0.45929842516516517,
    "collaboration_vector_09": 0.4889951951951952,
    "communication_vector_01": 0.41674534534534535,
    "communication_vector_02": 0.43177537537537536,
    "communication_vector_03": 0.4468054054054054,
    "communication_vector_04": 0.4618354354354355,
    "communication_vector_05": 0.47686546546546543,
    "communication_vector_06": 0.4918954954954955,
    "communication_vector_07": 0.5069255255255255,
    "communication_vector_08": 0.5219555555555556,
    "communication_vector_09": 0.5369855855855856,
    "consistency_score": 0.5225,
    "delivery_predictability": 0.5212288288288289,
    "delivery_vector_01": 0.5746594594594595,
    "delivery_vector_02": 0.4246894894894895,
    "delivery_vector_03": 0.43971951951951954,
    "delivery_vector_04": 0.4547495495495496,
    "delivery_vector_05": 0.4697795795795796,
    "delivery_vector_06": 0.48480960960960967,
    "delivery_vector_07": 0.4998396396396397,
    "delivery_vector_08": 0.5148696696696696,
    "delivery_vector_09": 0.5298996996996999,
    "documentation_quality": 0.5130432432432432,
    "domain_adaptability": 0.531184984984985,
    "ethical_judgment_score": 0.4248846846846847,
    "execution_history": 0.485,
    "failure_recovery_capability": 0.4575,
    "github_impact": 0.43530630630630635,
    "incident_response_speed": 0.4501483483483484,
    "innovation_index": 0.5225,
    "leadership_vector_01": 0.4131051051051052,
    "leadership_vector_02": 0.4281351351351352,
    "leadership_vector_03": 0.4431651651651652,
    "leadership_vector_04": 0.45819519519519525,
    "leadership_vector_05": 0.4732252252252252,
    "leadership_vector_06": 0.48825525525525526,
    "leadership_vector_07": 0.5032852852852853,
    "leadership_vector_08": 0.5183153153153154,
    "leadership_vector_09": 0.5333453453453454,
    "learning_velocity": 0.58,
    "mentorship_vector_01": 0.5105063063063064,
    "mentorship_vector_02": 0.5255363363363363,
    "mentorship_vector_03": 0.5405663663663663,
    "mentorship_vector_04": 0.3905963963963964,
    "mentorship_vector_05": 0.40562642642642643,
    "mentorship_vector_06": 0.4206564564564565,
    "mentorship_vector_07": 0.4356864864864865,
    "mentorship_vector_08": 0.45071651651651656,
    "mentorship_vector_09": 0.46574654654654657,
    "observability_rigor": 0.4444864864864865,
    "ownership_depth": 0.4576036036036037,
    "ownership_vector_01": 0.41772312312312315,
    "ownership_vector_02": 0.4327531531531532,
    "ownership_vector_03": 0.4477831831831832,
    "ownership_vector_04": 0.4628132132132132,
    "ownership_vector_05": 0.4778432432432433,
    "ownership_vector_06": 0.49287327327327335,
    "ownership_vector_07": 0.5079033033033034,
    "ownership_vector_08": 0.5229333333333334,
    "ownership_vector_09": 0.5379633633633635,
    "product_vector_01": 0.5122864864864866,
    "product_vector_02": 0.37698325651651654,
    "product_vector_03": 0.40667980654654656,
    "product_vector_04": 0.43637657657657664,
    "product_vector_05": 0.4184066066066066,
    "product_vector_06": 0.44810337663663663,
    "product_vector_07": 0.47779992666666665,
    "product_vector_08": 0.4598299566966967,
    "product_vector_09": 0.4895267267267267,
    "project_complexity": 0.51,
    "psychological_stability": 0.5425,
    "quality_vector_01": 0.5041934667267267,
    "quality_vector_02": 0.4862234967567568,
    "quality_vector_03": 0.5159200467867868,
    "quality_vector_04": 0.5456168168168168,
    "quality_vector_05": 0.36264684684684684,
    "quality_vector_06": 0.3923436168768769,
    "quality_vector_07": 0.42204016690690693,
    "quality_vector_08": 0.45173693693693695,
    "quality_vector_09": 0.433766966966967,
    "real_world_deployment_impact": 0.4575,
    "resilience_vector_01": 0.4475651651651652,
    "resilience_vector_02": 0.46259519519519526,
    "resilience_vector_03": 0.4776252252252252,
    "resilience_vector_04": 0.4926552552552552,
    "resilience_vector_05": 0.5076852852852853,
    "resilience_vector_06": 0.5227153153153153,
    "resilience_vector_07": 0.5377453453453455,
    "resilience_vector_08": 0.5527753753753754,
    "resilience_vector_09": 0.4028054054054054,
    "resource_advantage_index": 0.375,
    "security_hardening": 0.4434228228228228,
    "security_vector_01": 0.52403003003003,
    "security_vector_02": 0.5390600600600601,
    "security_vector_03": 0.5540900900900901,
    "security_vector_04": 0.40412012012012016,
    "security_vector_05": 0.4191501501501502,
    "security_vector_06": 0.43418018018018023,
    "security_vector_07": 0.44921021021021024,
    "security_vector_08": 0.4642402402402403,
    "security_vector_09": 0.47927027027027025,
    "signal_to_noise_ratio": 0.4372720720720721,
    "system_design_depth": 0.5600360360360361,
    "technical_leadership": 0.4223477477477478,
    "test_coverage_quality": 0.4613927927927928
  },
  "profile_kind": "demo_level_candidate",
  "profile_level": 2,
  "schema_version": "1.0"
}