{
  "candidate_id": "demo_joe_doe_level_4",
  "candidate_profile": {
    "headline": "Demo Candidate for Axiom-Recruit calibration",
    "location": "Toronto, Canada",
    "name": "Joe Doe",
    "summary": "Synthetic demonstration profile used for deterministic level calibration and regression testing."
  },
  "features": {
    "algorithmic_depth": 0.754269069069069,
    "architecture_vector_01": 0.7223519519519519,
    "architecture_vector_02": 0.7273819819819819,
    "architecture_vector_03": 0.732412012012012,
    "architecture_vector_04": 0.737442042042042,
    "architecture_vector_05": 0.687472072072072,
    "architecture_vector_06": 0.6925021021021022,
    "architecture_vector_07": 0.697532132132132,
    "architecture_vector_08": 0.7025621621621622,
    "architecture_vector_09": 0.7075921921921922,
    "code_latency_efficiency": 0.7056270270270271,
    "code_memory_efficiency": 0.6948144144144144,
    "collaboration_reliability": 0.6890348348348349,
    "collaboration_vector_01": 0.575415015015015,
    "collaboration_vector_02": 0.5694452650450451,
    "collaboration_vector_03": 0.618474855075075,
    "collaboration_vector_04": 0.5245048851051051,
    "collaboration_vector_05": 0.5735351351351352,
    "collaboration_vector_06": 0.6225653851651652,
    "collaboration_vector_07": 0.5285954151951952,
    "collaboration_vector_08": 0.5776250052252253,
    "collaboration_vector_09": 0.6266552552552553,
    "communication_vector_01": 0.6496054054054055,
    "communication_vector_02": 0.6546354354354355,
    "communication_vector_03": 0.6596654654654655,
    "communication_vector_04": 0.6646954954954954,
    "communication_vector_05": 0.6697255255255256,
    "communication_vector_06": 0.6747555555555554,
    "communication_vector_07": 0.6797855855855857,
    "communication_vector_08": 0.6848156156156155,
    "communication_vector_09": 0.6898456456456457,
    "consistency_score": 0.7275,
    "delivery_predictability": 0.7160888888888889,
    "delivery_vector_01": 0.7351195195195197,
    "delivery_vector_02": 0.6851495495495497,
    "delivery_vector_03": 0.6901795795795796,
    "delivery_vector_04": 0.6952096096096096,
    "delivery_vector_05": 0.7002396396396396,
    "delivery_vector_06": 0.7052696696696698,
    "delivery_vector_07": 0.7102996996996997,
    "delivery_vector_08": 0.7153297297297299,
    "delivery_vector_09": 0.7203597597597597,
    "documentation_quality": 0.6627033033033033,
    "domain_adaptability": 0.7336450450450451,
    "ethical_judgment_score": 0.6753447447447448,
    "execution_history": 0.735,
    "failure_recovery_capability": 0.7125,
    "github_impact": 0.7033663663663663,
    "incident_response_speed": 0.7038084084084083,
    "innovation_index": 0.7675000000000001,
    "leadership_vector_01": 0.6591651651651652,
    "leadership_vector_02": 0.6641951951951952,
    "leadership_vector_03": 0.6692252252252253,
    "leadership_vector_04": 0.6742552552552553,
    "leadership_vector_05": 0.6792852852852853,
    "leadership_vector_06": 0.6843153153153154,
    "leadership_vector_07": 0.6893453453453454,
    "leadership_vector_08": 0.6943753753753754,
    "leadership_vector_09": 0.6994054054054055,
    "learning_velocity": 0.78,
    "mentorship_vector_01": 0.6689663663663663,
    "mentorship_vector_02": 0.6739963963963965,
    "mentorship_vector_03": 0.6790264264264264,
    "mentorship_vector_04": 0.6290564564564565,
    "mentorship_vector_05": 0.6340864864864866,
    "mentorship_vector_06": 0.6391165165165166,
    "mentorship_vector_07": 0.6441465465465466,
    "mentorship_vector_08": 0.6491765765765766,
    "mentorship_vector_09": 0.6542066066066067,
    "observability_rigor": 0.6705465465465466,
    "ownership_depth": 0.7156636636636636,
    "ownership_vector_01": 0.6769831831831833,
    "ownership_vector_02": 0.6820132132132132,
    "ownership_vector_03": 0.6870432432432433,
    "ownership_vector_04": 0.6920732732732733,
    "ownership_vector_05": 0.6971033033033033,
    "ownership_vector_06": 0.7021333333333333,
    "ownership_vector_07": 0.7071633633633634,
    "ownership_vector_08": 0.7121933933933934,
    "ownership_vector_09": 0.7172234234234234,
    "product_vector_01": 0.5539465465465465,
    "product_vector_02": 0.5479767965765767,
    "product_vector_03": 0.5970063866066067,
    "product_vector_04": 0.6460366366366366,
    "product_vector_05": 0.5520666666666667,
    "product_vector_06": 0.6010969166966967,
    "product_vector_07": 0.6501265067267267,
    "product_vector_08": 0.5561565367567568,
    "product_vector_09": 0.6051867867867868,
    "project_complexity": 0.77,
    "psychological_stability": 0.7275,
    "quality_vector_01": 0.6491870067867869,
    "quality_vector_02": 0.5552170368168169,
    "quality_vector_03": 0.6042466268468469,
    "quality_vector_04": 0.6532768768768769,
    "quality_vector_05": 0.5043069069069069,
    "quality_vector_06": 0.5533371569369371,
    "quality_vector_07": 0.602366746966967,
    "quality_vector_08": 0.6513969969969969,
    "quality_vector_09": 0.5574270270270271,
    "real_world_deployment_impact": 0.7325,
    "resilience_vector_01": 0.6824252252252252,
    "resilience_vector_02": 0.6874552552552553,
    "resilience_vector_03": 0.6924852852852852,
    "resilience_vector_04": 0.6975153153153154,
    "resilience_vector_05": 0.7025453453453453,
    "resilience_vector_06": 0.7075753753753754,
    "resilience_vector_07": 0.7126054054054054,
    "resilience_vector_08": 0.7176354354354355,
    "resilience_vector_09": 0.6676654654654655,
    "resource_advantage_index": 0.7249999999999999,
    "security_hardening": 0.7146828828828828,
    "security_vector_01": 0.7220900900900901,
    "security_vector_02": 0.7271201201201201,
    "security_vector_03": 0.7321501501501502,
    "security_vector_04": 0.6821801801801801,
    "security_vector_05": 0.6872102102102101,
    "security_vector_06": 0.6922402402402402,
    "security_vector_07": 0.6972702702702702,
    "security_vector_08": 0.7023003003003002,
    "security_vector_09": 0.7073303303303303,
    "signal_to_noise_ratio": 0.6777321321321322,
    "system_design_depth": 0.738096096096096,
    "technical_leadership": 0.6816078078078079,
    "test_coverage_quality": 0.6686528528528529
  },
  "profile_kind": "demo_level_candidate",
  "profile_level": 4,
  "schema_version": "1.0"
}