{
  "country": "singapore",
  "dynamic_signals": {
    "competition_density": 0.8808858858858859,
    "cost_of_delay": 0.8402552552552552,
    "demand_pressure": 0.897162162162162,
    "economic_environment": 0.7834984984984985,
    "talent_scarcity": 0.8774024024024024,
    "time_to_hire_urgency": 0.8531081081081081
  },
  "features": {
    "ai_adoption_velocity": 1.0,
    "candidate_mobility": 0.705930930930931,
    "competition_density": 0.8808858858858859,
    "cost_of_delay": 0.8402552552552552,
    "demand_pressure": 0.897162162162162,
    "economic_environment": 0.7834984984984985,
    "geo_mobility_index": 0.6665615615615615,
    "labor_vector_01": 0.8842972972972972,
    "labor_vector_02": 0.8843213213213212,
    "layoff_pressure": 0.3778828828828829,
    "macro_vector_01": 0.5993423423423424,
    "macro_vector_02": 0.5993663663663664,
    "offer_decline_rate": 0.6653003003003003,
    "open_role_growth": 0.8008858858858859,
    "outsourcing_pressure": 0.5351801801801802,
    "passive_talent_activity": 0.7334684684684685,
    "regulation_vector_01": 0.5373123123123122,
    "regulation_vector_02": 0.5373363363363364,
    "regulatory_pressure": 0.5717267267267268,
    "remote_talent_access": 0.8026276276276276,
    "salary_inflation": 0.7804654654654655,
    "salary_vector_01": 0.7381756756756757,
    "salary_vector_02": 0.7381996996996997,
    "sector_volatility": 0.6148198198198198,
    "skill_obsolescence_speed": 0.82506006006006,
    "talent_scarcity": 0.8774024024024024,
    "technology_vector_01": 0.9559144144144144,
    "technology_vector_02": 0.9559384384384384,
    "time_to_hire_urgency": 0.8531081081081081,
    "venture_funding_temperature": 0.7865015015015016
  },
  "market_id": "ai-current_singapore",
  "profile_kind": "market_real_world_profile",
  "scenario": "ai-current",
  "schema_version": "1.0"
}