{
  "country": "singapore",
  "dynamic_signals": {
    "competition_density": 0.36421921921921924,
    "cost_of_delay": 0.3036186186186186,
    "demand_pressure": 0.4305255255255256,
    "economic_environment": 0.6968318318318318,
    "talent_scarcity": 0.4207657657657658,
    "time_to_hire_urgency": 0.3064414414414414
  },
  "features": {
    "ai_adoption_velocity": 0.3164714714714715,
    "candidate_mobility": 0.3892642642642643,
    "competition_density": 0.36421921921921924,
    "cost_of_delay": 0.3036186186186186,
    "demand_pressure": 0.4305255255255256,
    "economic_environment": 0.6968318318318318,
    "geo_mobility_index": 0.3998948948948949,
    "labor_vector_01": 0.4323513513513514,
    "labor_vector_02": 0.4323753753753754,
    "layoff_pressure": 0.48124624624624623,
    "macro_vector_01": 0.6463663663663665,
    "macro_vector_02": 0.6463903903903905,
    "offer_decline_rate": 0.27863363363363364,
    "open_role_growth": 0.37424924924924924,
    "outsourcing_pressure": 0.5785435435435435,
    "passive_talent_activity": 0.3568318318318318,
    "regulation_vector_01": 0.4186336336336336,
    "regulation_vector_02": 0.41865765765765767,
    "regulatory_pressure": 0.42506006006006003,
    "remote_talent_access": 0.35596096096096097,
    "salary_inflation": 0.4138288288288289,
    "salary_vector_01": 0.37521921921921925,
    "salary_vector_02": 0.37524324324324326,
    "sector_volatility": 0.42815315315315317,
    "skill_obsolescence_speed": 0.3784234234234234,
    "talent_scarcity": 0.4207657657657658,
    "technology_vector_01": 0.3301201201201201,
    "technology_vector_02": 0.3301441441441441,
    "time_to_hire_urgency": 0.3064414414414414,
    "venture_funding_temperature": 0.40983483483483485
  },
  "market_id": "ml-2016_singapore",
  "profile_kind": "market_real_world_profile",
  "scenario": "ml-2016",
  "schema_version": "1.0"
}