{
  "country": "singapore",
  "dynamic_signals": {
    "competition_density": 0.7814564564564563,
    "cost_of_delay": 0.8208558558558559,
    "demand_pressure": 0.8377327327327327,
    "economic_environment": 0.7540690690690691,
    "talent_scarcity": 0.8379729729729729,
    "time_to_hire_urgency": 0.8036786786786787
  },
  "features": {
    "ai_adoption_velocity": 0.7837087087087087,
    "candidate_mobility": 0.6265015015015015,
    "competition_density": 0.7814564564564563,
    "cost_of_delay": 0.8208558558558559,
    "demand_pressure": 0.8377327327327327,
    "economic_environment": 0.7540690690690691,
    "geo_mobility_index": 0.6271321321321321,
    "labor_vector_01": 0.8493483483483484,
    "labor_vector_02": 0.8493723723723724,
    "layoff_pressure": 0.3184534534534535,
    "macro_vector_01": 0.62637987987988,
    "macro_vector_02": 0.626403903903904,
    "offer_decline_rate": 0.5758708708708709,
    "open_role_growth": 0.7314564564564564,
    "outsourcing_pressure": 0.49578078078078075,
    "passive_talent_activity": 0.674069069069069,
    "regulation_vector_01": 0.5998708708708709,
    "regulation_vector_02": 0.5998948948948949,
    "regulatory_pressure": 0.6622972972972974,
    "remote_talent_access": 0.7531981981981982,
    "salary_inflation": 0.7310360360360361,
    "salary_vector_01": 0.6672027027027027,
    "salary_vector_02": 0.6672267267267267,
    "sector_volatility": 0.5553903903903904,
    "skill_obsolescence_speed": 0.7056306306306306,
    "talent_scarcity": 0.8379729729729729,
    "technology_vector_01": 0.7611381381381381,
    "technology_vector_02": 0.7611621621621621,
    "time_to_hire_urgency": 0.8036786786786787,
    "venture_funding_temperature": 0.687072072072072
  },
  "market_id": "security-current_singapore",
  "profile_kind": "market_real_world_profile",
  "scenario": "security-current",
  "schema_version": "1.0"
}